순위,영화명,매출액,누적매출액,관객수,누적관객수,스크린수,개별배급사,등급,개별장르,개별감독,개별배우,월,년,개별배급사_index,등급_index,개별장르_index,개별감독_index,개별배우_index,일_index,KNN
1,극한직업,140000000000.0,140000000000.0,16264806,16264806,2003,씨제이이앤엠(주),15세관람가,코미디,이병헌,류승룡,1,2019,0,0,0,0,0,4,9351215.000000002
1,극한직업,140000000000.0,140000000000.0,16264806,16264806,2003,씨제이이앤엠(주),15세관람가,코미디,이병헌,이하늬,1,2019,0,0,0,0,1,4,9351215.000000002
1,극한직업,140000000000.0,140000000000.0,16264806,16264806,2003,씨제이이앤엠(주),15세관람가,코미디,이병헌,진선규,1,2019,0,0,0,0,2,4,9351215.000000002
1,극한직업,140000000000.0,140000000000.0,16264806,16264806,2003,씨제이이앤엠(주),15세관람가,코미디,이병헌,이동휘,1,2019,0,0,0,0,3,4,9351215.000000002
1,극한직업,140000000000.0,140000000000.0,16264806,16264806,2003,씨제이이앤엠(주),15세관람가,코미디,이병헌,공명,1,2019,0,0,0,0,4,4,9351215.000000002
2,기생충,85567642365.0,85567642365.0,10047414,10047414,1948,씨제이이앤엠(주),15세관람가,드라마,봉준호,송강호,5,2019,0,0,1,1,5,5,9351215.000000002
2,기생충,85567642365.0,85567642365.0,10047414,10047414,1948,씨제이이앤엠(주),15세관람가,드라마,봉준호,이선균,5,2019,0,0,1,1,6,5,9351215.000000002
2,기생충,85567642365.0,85567642365.0,10047414,10047414,1948,씨제이이앤엠(주),15세관람가,드라마,봉준호,조여정,5,2019,0,0,1,1,7,5,9351215.000000002
2,기생충,85567642365.0,85567642365.0,10047414,10047414,1948,씨제이이앤엠(주),15세관람가,드라마,봉준호,최우식,5,2019,0,0,1,1,8,5,9351215.000000002
2,기생충,85567642365.0,85567642365.0,10047414,10047414,1948,씨제이이앤엠(주),15세관람가,드라마,봉준호,박소담,5,2019,0,0,1,1,9,5,9351215.000000002
2,기생충,85567642365.0,85567642365.0,10047414,10047414,1948,씨제이이앤엠(주),15세관람가,드라마,봉준호,장혜진,5,2019,0,0,1,1,10,5,9351215.000000002
2,기생충,85567642365.0,85567642365.0,10047414,10047414,1948,씨제이이앤엠(주),15세관람가,드라마,봉준호,이정은,5,2019,0,0,1,1,11,5,5443233.000000004
2,기생충,85567642365.0,85567642365.0,10047414,10047414,1948,씨제이이앤엠(주),15세관람가,드라마,봉준호,박명훈,5,2019,0,0,1,1,12,5,5443233.000000004
2,기생충,85567642365.0,85567642365.0,10047414,10047414,1948,씨제이이앤엠(주),15세관람가,드라마,봉준호,현승민,5,2019,0,0,1,1,13,5,3044859.999999999
2,기생충,85567642365.0,85567642365.0,10047414,10047414,1948,씨제이이앤엠(주),15세관람가,드라마,봉준호,정현준,5,2019,0,0,1,1,14,5,3044859.999999999
3,돈,28869614062.0,28869614062.0,3389035,3389035,1431,(주)쇼박스,15세관람가,범죄,박누리,류준열,3,2019,1,0,2,2,15,3,3044859.999999999
3,돈,28869614062.0,28869614062.0,3389035,3389035,1431,(주)쇼박스,15세관람가,범죄,박누리,유지태,3,2019,1,0,2,2,16,3,3044859.999999999
3,돈,28869614062.0,28869614062.0,3389035,3389035,1431,(주)쇼박스,15세관람가,범죄,박누리,조우진,3,2019,1,0,2,2,17,3,3044859.999999999
3,돈,28869614062.0,28869614062.0,3389035,3389035,1431,(주)쇼박스,15세관람가,범죄,박누리,원진아,3,2019,1,0,2,2,18,3,3044859.999999999
3,돈,28869614062.0,28869614062.0,3389035,3389035,1431,(주)쇼박스,15세관람가,범죄,박누리,박명신,3,2019,1,0,2,2,19,3,3044859.999999999
3,돈,28869614062.0,28869614062.0,3389035,3389035,1431,(주)쇼박스,15세관람가,범죄,박누리,이화룡,3,2019,1,0,2,2,20,3,3044859.999999999
4,악인전,29130540150.0,29130540150.0,3364360,3364360,1307,(주)에이스메이커무비웍스,18세관람가,범죄,이원태,마동석,5,2019,2,1,2,3,21,3,3044859.999999999
4,악인전,29130540150.0,29130540150.0,3364360,3364360,1307,(주)에이스메이커무비웍스,18세관람가,액션,이원태,마동석,5,2019,2,1,3,3,21,3,3044859.999999999
4,악인전,29130540150.0,29130540150.0,3364360,3364360,1307,(주)키위미디어그룹,18세관람가,범죄,이원태,마동석,5,2019,3,1,2,3,21,3,3044859.999999999
4,악인전,29130540150.0,29130540150.0,3364360,3364360,1307,(주)키위미디어그룹,18세관람가,액션,이원태,마동석,5,2019,3,1,3,3,21,3,3044859.999999999
4,악인전,29130540150.0,29130540150.0,3364360,3364360,1307,(주)에이스메이커무비웍스,18세관람가,범죄,이원태,김무열,5,2019,2,1,2,3,22,3,3044859.999999999
4,악인전,29130540150.0,29130540150.0,3364360,3364360,1307,(주)에이스메이커무비웍스,18세관람가,액션,이원태,김무열,5,2019,2,1,3,3,22,3,3044859.999999999
4,악인전,29130540150.0,29130540150.0,3364360,3364360,1307,(주)키위미디어그룹,18세관람가,범죄,이원태,김무열,5,2019,3,1,2,3,22,3,3044859.999999999
4,악인전,29130540150.0,29130540150.0,3364360,3364360,1307,(주)키위미디어그룹,18세관람가,액션,이원태,김무열,5,2019,3,1,3,3,22,3,3044859.999999999
4,악인전,29130540150.0,29130540150.0,3364360,3364360,1307,(주)에이스메이커무비웍스,18세관람가,범죄,이원태,김성규,5,2019,2,1,2,3,23,3,3044859.999999999
4,악인전,29130540150.0,29130540150.0,3364360,3364360,1307,(주)에이스메이커무비웍스,18세관람가,액션,이원태,김성규,5,2019,2,1,3,3,23,3,3044859.999999999
4,악인전,29130540150.0,29130540150.0,3364360,3364360,1307,(주)키위미디어그룹,18세관람가,범죄,이원태,김성규,5,2019,3,1,2,3,23,3,3044859.999999999
4,악인전,29130540150.0,29130540150.0,3364360,3364360,1307,(주)키위미디어그룹,18세관람가,액션,이원태,김성규,5,2019,3,1,3,3,23,3,3044859.999999999
4,악인전,29130540150.0,29130540150.0,3364360,3364360,1307,(주)에이스메이커무비웍스,18세관람가,범죄,이원태,문동혁,5,2019,2,1,2,3,24,3,3044859.999999999
4,악인전,29130540150.0,29130540150.0,3364360,3364360,1307,(주)에이스메이커무비웍스,18세관람가,액션,이원태,문동혁,5,2019,2,1,3,3,24,3,3044859.999999999
4,악인전,29130540150.0,29130540150.0,3364360,3364360,1307,(주)키위미디어그룹,18세관람가,범죄,이원태,문동혁,5,2019,3,1,2,3,24,3,3044859.999999999
4,악인전,29130540150.0,29130540150.0,3364360,3364360,1307,(주)키위미디어그룹,18세관람가,액션,이원태,문동혁,5,2019,3,1,3,3,24,3,3044859.999999999
5,말모이,23682638520.0,23987145520.0,2812444,2866020,1203,롯데컬처웍스(주)롯데엔터테인먼트,12세관람가,드라마,엄유나,유해진,1,2019,4,2,1,4,25,2,1069865.0000000005
5,말모이,23682638520.0,23987145520.0,2812444,2866020,1203,롯데컬처웍스(주)롯데엔터테인먼트,12세관람가,드라마,엄유나,윤계상,1,2019,4,2,1,4,26,2,1069865.0000000005
5,말모이,23682638520.0,23987145520.0,2812444,2866020,1203,롯데컬처웍스(주)롯데엔터테인먼트,12세관람가,드라마,엄유나,김홍파,1,2019,4,2,1,4,27,2,1069865.0000000005
5,말모이,23682638520.0,23987145520.0,2812444,2866020,1203,롯데컬처웍스(주)롯데엔터테인먼트,12세관람가,드라마,엄유나,우현,1,2019,4,2,1,4,28,2,1069865.0000000005
5,말모이,23682638520.0,23987145520.0,2812444,2866020,1203,롯데컬처웍스(주)롯데엔터테인먼트,12세관람가,드라마,엄유나,김태훈,1,2019,4,2,1,4,29,2,1069865.0000000005
5,말모이,23682638520.0,23987145520.0,2812444,2866020,1203,롯데컬처웍스(주)롯데엔터테인먼트,12세관람가,드라마,엄유나,김선영,1,2019,4,2,1,4,30,2,1069865.0000000005
5,말모이,23682638520.0,23987145520.0,2812444,2866020,1203,롯데컬처웍스(주)롯데엔터테인먼트,12세관람가,드라마,엄유나,민진웅,1,2019,4,2,1,4,31,2,1069865.0000000005
5,말모이,23682638520.0,23987145520.0,2812444,2866020,1203,롯데컬처웍스(주)롯데엔터테인먼트,12세관람가,드라마,엄유나,이성욱,1,2019,4,2,1,4,32,2,1069865.0000000005
6,증인,20477262331.0,20477262331.0,2534075,2534075,1047,롯데컬처웍스(주)롯데엔터테인먼트,12세관람가,드라마,이한,정우성,2,2019,4,2,1,5,33,2,1069865.0000000005
6,증인,20477262331.0,20477262331.0,2534075,2534075,1047,롯데컬처웍스(주)롯데엔터테인먼트,12세관람가,드라마,이한,김향기,2,2019,4,2,1,5,34,2,1069865.0000000005
6,증인,20477262331.0,20477262331.0,2534075,2534075,1047,롯데컬처웍스(주)롯데엔터테인먼트,12세관람가,드라마,이한,이규형,2,2019,4,2,1,5,35,2,1069865.0000000005
6,증인,20477262331.0,20477262331.0,2534075,2534075,1047,롯데컬처웍스(주)롯데엔터테인먼트,12세관람가,드라마,이한,염혜란,2,2019,4,2,1,5,36,2,1069865.0000000005
6,증인,20477262331.0,20477262331.0,2534075,2534075,1047,롯데컬처웍스(주)롯데엔터테인먼트,12세관람가,드라마,이한,장영남,2,2019,4,2,1,5,37,2,1194229.9999999993
6,증인,20477262331.0,20477262331.0,2534075,2534075,1047,롯데컬처웍스(주)롯데엔터테인먼트,12세관람가,드라마,이한,정원중,2,2019,4,2,1,5,38,2,1069865.0000000005
6,증인,20477262331.0,20477262331.0,2534075,2534075,1047,롯데컬처웍스(주)롯데엔터테인먼트,12세관람가,드라마,이한,김종수,2,2019,4,2,1,5,39,2,1069865.0000000005
6,증인,20477262331.0,20477262331.0,2534075,2534075,1047,롯데컬처웍스(주)롯데엔터테인먼트,12세관람가,드라마,이한,박근형,2,2019,4,2,1,5,40,2,1069865.0000000005
6,증인,20477262331.0,20477262331.0,2534075,2534075,1047,롯데컬처웍스(주)롯데엔터테인먼트,12세관람가,드라마,이한,송윤아,2,2019,4,2,1,5,41,2,1069865.0000000005
6,증인,20477262331.0,20477262331.0,2534075,2534075,1047,롯데컬처웍스(주)롯데엔터테인먼트,12세관람가,드라마,이한,이준혁,2,2019,4,2,1,5,42,2,1069865.0000000005
6,증인,20477262331.0,20477262331.0,2534075,2534075,1047,롯데컬처웍스(주)롯데엔터테인먼트,12세관람가,드라마,이한,이레,2,2019,4,2,1,5,43,2,1069865.0000000005
6,증인,20477262331.0,20477262331.0,2534075,2534075,1047,롯데컬처웍스(주)롯데엔터테인먼트,12세관람가,드라마,이한,김승욱,2,2019,4,2,1,5,44,2,1069865.0000000005
6,증인,20477262331.0,20477262331.0,2534075,2534075,1047,롯데컬처웍스(주)롯데엔터테인먼트,12세관람가,드라마,이한,오재세,2,2019,4,2,1,5,45,2,1069865.0000000005
6,증인,20477262331.0,20477262331.0,2534075,2534075,1047,롯데컬처웍스(주)롯데엔터테인먼트,12세관람가,드라마,이한,이채은,2,2019,4,2,1,5,46,2,1069865.0000000005
7,사바하,20007508194.0,20007508194.0,2398519,2398519,1174,씨제이이앤엠(주),15세관람가,미스터리,장재현,이정재,2,2019,0,0,4,6,47,3,1069865.0000000005
7,사바하,20007508194.0,20007508194.0,2398519,2398519,1174,씨제이이앤엠(주),15세관람가,스릴러,장재현,이정재,2,2019,0,0,5,6,47,3,1069865.0000000005
7,사바하,20007508194.0,20007508194.0,2398519,2398519,1174,씨제이이앤엠(주),15세관람가,미스터리,장재현,박정민,2,2019,0,0,4,6,48,3,1069865.0000000005
7,사바하,20007508194.0,20007508194.0,2398519,2398519,1174,씨제이이앤엠(주),15세관람가,스릴러,장재현,박정민,2,2019,0,0,5,6,48,3,1069865.0000000005
7,사바하,20007508194.0,20007508194.0,2398519,2398519,1174,씨제이이앤엠(주),15세관람가,미스터리,장재현,이재인,2,2019,0,0,4,6,49,3,1069865.0000000005
7,사바하,20007508194.0,20007508194.0,2398519,2398519,1174,씨제이이앤엠(주),15세관람가,스릴러,장재현,이재인,2,2019,0,0,5,6,49,3,1069865.0000000005
7,사바하,20007508194.0,20007508194.0,2398519,2398519,1174,씨제이이앤엠(주),15세관람가,미스터리,장재현,유지태,2,2019,0,0,4,6,16,3,3044859.999999999
7,사바하,20007508194.0,20007508194.0,2398519,2398519,1174,씨제이이앤엠(주),15세관람가,스릴러,장재현,유지태,2,2019,0,0,5,6,16,3,3044859.999999999
7,사바하,20007508194.0,20007508194.0,2398519,2398519,1174,씨제이이앤엠(주),15세관람가,미스터리,장재현,정진영,2,2019,0,0,4,6,50,3,1069865.0000000005
7,사바하,20007508194.0,20007508194.0,2398519,2398519,1174,씨제이이앤엠(주),15세관람가,스릴러,장재현,정진영,2,2019,0,0,5,6,50,3,1069865.0000000005
7,사바하,20007508194.0,20007508194.0,2398519,2398519,1174,씨제이이앤엠(주),15세관람가,미스터리,장재현,진선규,2,2019,0,0,4,6,2,3,9351215.000000002
7,사바하,20007508194.0,20007508194.0,2398519,2398519,1174,씨제이이앤엠(주),15세관람가,스릴러,장재현,진선규,2,2019,0,0,5,6,2,3,9351215.000000002
7,사바하,20007508194.0,20007508194.0,2398519,2398519,1174,씨제이이앤엠(주),15세관람가,미스터리,장재현,이다윗,2,2019,0,0,4,6,51,3,1214237.9999999995
7,사바하,20007508194.0,20007508194.0,2398519,2398519,1174,씨제이이앤엠(주),15세관람가,스릴러,장재현,이다윗,2,2019,0,0,5,6,51,3,1214237.9999999995
7,사바하,20007508194.0,20007508194.0,2398519,2398519,1174,씨제이이앤엠(주),15세관람가,미스터리,장재현,배해선,2,2019,0,0,4,6,52,3,1214237.9999999995
7,사바하,20007508194.0,20007508194.0,2398519,2398519,1174,씨제이이앤엠(주),15세관람가,스릴러,장재현,배해선,2,2019,0,0,5,6,52,3,1214237.9999999995
8,내안의 그놈,16294330567.0,16412866567.0,1901759,1916930,1041,(주)메리크리스마스,15세관람가,판타지,강효진,박성웅,1,2019,5,0,6,7,53,2,1214237.9999999995
8,내안의 그놈,16294330567.0,16412866567.0,1901759,1916930,1041,(주)메리크리스마스,15세관람가,코미디,강효진,박성웅,1,2019,5,0,0,7,53,2,988451.9999999999
8,내안의 그놈,16294330567.0,16412866567.0,1901759,1916930,1041,(주)메리크리스마스,15세관람가,판타지,강효진,진영,1,2019,5,0,6,7,54,2,1214237.9999999995
8,내안의 그놈,16294330567.0,16412866567.0,1901759,1916930,1041,(주)메리크리스마스,15세관람가,코미디,강효진,진영,1,2019,5,0,0,7,54,2,988451.9999999999
8,내안의 그놈,16294330567.0,16412866567.0,1901759,1916930,1041,(주)메리크리스마스,15세관람가,판타지,강효진,라미란,1,2019,5,0,6,7,55,2,1214237.9999999995
8,내안의 그놈,16294330567.0,16412866567.0,1901759,1916930,1041,(주)메리크리스마스,15세관람가,코미디,강효진,라미란,1,2019,5,0,0,7,55,2,988451.9999999999
8,내안의 그놈,16294330567.0,16412866567.0,1901759,1916930,1041,(주)메리크리스마스,15세관람가,판타지,강효진,이수민,1,2019,5,0,6,7,56,2,1214237.9999999995
8,내안의 그놈,16294330567.0,16412866567.0,1901759,1916930,1041,(주)메리크리스마스,15세관람가,코미디,강효진,이수민,1,2019,5,0,0,7,56,2,988451.9999999999
8,내안의 그놈,16294330567.0,16412866567.0,1901759,1916930,1041,(주)메리크리스마스,15세관람가,판타지,강효진,이준혁,1,2019,5,0,6,7,42,2,1069865.0000000005
8,내안의 그놈,16294330567.0,16412866567.0,1901759,1916930,1041,(주)메리크리스마스,15세관람가,코미디,강효진,이준혁,1,2019,5,0,0,7,42,2,1069865.0000000005
8,내안의 그놈,16294330567.0,16412866567.0,1901759,1916930,1041,(주)메리크리스마스,15세관람가,판타지,강효진,김광규,1,2019,5,0,6,7,57,2,1214237.9999999995
8,내안의 그놈,16294330567.0,16412866567.0,1901759,1916930,1041,(주)메리크리스마스,15세관람가,코미디,강효진,김광규,1,2019,5,0,0,7,57,2,988451.9999999999
8,내안의 그놈,16294330567.0,16412866567.0,1901759,1916930,1041,(주)메리크리스마스,15세관람가,판타지,강효진,민지아,1,2019,5,0,6,7,58,2,1214237.9999999995
8,내안의 그놈,16294330567.0,16412866567.0,1901759,1916930,1041,(주)메리크리스마스,15세관람가,코미디,강효진,민지아,1,2019,5,0,0,7,58,2,988451.9999999999
8,내안의 그놈,16294330567.0,16412866567.0,1901759,1916930,1041,(주)메리크리스마스,15세관람가,판타지,강효진,윤경호,1,2019,5,0,6,7,59,2,1214237.9999999995
8,내안의 그놈,16294330567.0,16412866567.0,1901759,1916930,1041,(주)메리크리스마스,15세관람가,코미디,강효진,윤경호,1,2019,5,0,0,7,59,2,988451.9999999999
8,내안의 그놈,16294330567.0,16412866567.0,1901759,1916930,1041,(주)메리크리스마스,15세관람가,판타지,강효진,김현목,1,2019,5,0,6,7,60,2,1214237.9999999995
8,내안의 그놈,16294330567.0,16412866567.0,1901759,1916930,1041,(주)메리크리스마스,15세관람가,코미디,강효진,김현목,1,2019,5,0,0,7,60,2,988451.9999999999
8,내안의 그놈,16294330567.0,16412866567.0,1901759,1916930,1041,(주)메리크리스마스,15세관람가,판타지,강효진,권혁범,1,2019,5,0,6,7,61,2,1214237.9999999995
8,내안의 그놈,16294330567.0,16412866567.0,1901759,1916930,1041,(주)메리크리스마스,15세관람가,코미디,강효진,권혁범,1,2019,5,0,0,7,61,2,1214237.9999999995
8,내안의 그놈,16294330567.0,16412866567.0,1901759,1916930,1041,(주)메리크리스마스,15세관람가,판타지,강효진,이호수,1,2019,5,0,6,7,62,2,1214237.9999999995
8,내안의 그놈,16294330567.0,16412866567.0,1901759,1916930,1041,(주)메리크리스마스,15세관람가,코미디,강효진,이호수,1,2019,5,0,0,7,62,2,1214237.9999999995
8,내안의 그놈,16294330567.0,16412866567.0,1901759,1916930,1041,(주)메리크리스마스,15세관람가,판타지,강효진,김상겸,1,2019,5,0,6,7,63,2,1214237.9999999995
8,내안의 그놈,16294330567.0,16412866567.0,1901759,1916930,1041,(주)메리크리스마스,15세관람가,코미디,강효진,김상겸,1,2019,5,0,0,7,63,2,1214237.9999999995
8,내안의 그놈,16294330567.0,16412866567.0,1901759,1916930,1041,(주)메리크리스마스,15세관람가,판타지,강효진,조성희,1,2019,5,0,6,7,64,2,1214237.9999999995
8,내안의 그놈,16294330567.0,16412866567.0,1901759,1916930,1041,(주)메리크리스마스,15세관람가,코미디,강효진,조성희,1,2019,5,0,0,7,64,2,1472147.999999999
9,뺑반,15222811848.0,15222811848.0,1826714,1826714,1285,(주)쇼박스,15세관람가,범죄,한준희,공효진,1,2019,1,0,2,8,65,5,233211.99999999988
9,뺑반,15222811848.0,15222811848.0,1826714,1826714,1285,(주)쇼박스,15세관람가,액션,한준희,공효진,1,2019,1,0,3,8,65,5,233211.99999999988
9,뺑반,15222811848.0,15222811848.0,1826714,1826714,1285,(주)쇼박스,15세관람가,범죄,한준희,류준열,1,2019,1,0,2,8,15,5,1214237.9999999995
9,뺑반,15222811848.0,15222811848.0,1826714,1826714,1285,(주)쇼박스,15세관람가,액션,한준희,류준열,1,2019,1,0,3,8,15,5,1214237.9999999995
9,뺑반,15222811848.0,15222811848.0,1826714,1826714,1285,(주)쇼박스,15세관람가,범죄,한준희,조정석,1,2019,1,0,2,8,66,5,1472147.999999999
9,뺑반,15222811848.0,15222811848.0,1826714,1826714,1285,(주)쇼박스,15세관람가,액션,한준희,조정석,1,2019,1,0,3,8,66,5,1472147.999999999
9,뺑반,15222811848.0,15222811848.0,1826714,1826714,1285,(주)쇼박스,15세관람가,범죄,한준희,염정아,1,2019,1,0,2,8,67,5,1472147.999999999
9,뺑반,15222811848.0,15222811848.0,1826714,1826714,1285,(주)쇼박스,15세관람가,액션,한준희,염정아,1,2019,1,0,3,8,67,5,1472147.999999999
9,뺑반,15222811848.0,15222811848.0,1826714,1826714,1285,(주)쇼박스,15세관람가,범죄,한준희,전혜진,1,2019,1,0,2,8,68,5,1472147.999999999
9,뺑반,15222811848.0,15222811848.0,1826714,1826714,1285,(주)쇼박스,15세관람가,액션,한준희,전혜진,1,2019,1,0,3,8,68,5,1472147.999999999
9,뺑반,15222811848.0,15222811848.0,1826714,1826714,1285,(주)쇼박스,15세관람가,범죄,한준희,손석구,1,2019,1,0,2,8,69,5,1472147.999999999
9,뺑반,15222811848.0,15222811848.0,1826714,1826714,1285,(주)쇼박스,15세관람가,액션,한준희,손석구,1,2019,1,0,3,8,69,5,1472147.999999999
9,뺑반,15222811848.0,15222811848.0,1826714,1826714,1285,(주)쇼박스,15세관람가,범죄,한준희,김기범,1,2019,1,0,2,8,70,5,1472147.999999999
9,뺑반,15222811848.0,15222811848.0,1826714,1826714,1285,(주)쇼박스,15세관람가,액션,한준희,김기범,1,2019,1,0,3,8,70,5,1472147.999999999
9,뺑반,15222811848.0,15222811848.0,1826714,1826714,1285,(주)쇼박스,15세관람가,범죄,한준희,이학주,1,2019,1,0,2,8,71,5,1472147.999999999
9,뺑반,15222811848.0,15222811848.0,1826714,1826714,1285,(주)쇼박스,15세관람가,액션,한준희,이학주,1,2019,1,0,3,8,71,5,1472147.999999999
9,뺑반,15222811848.0,15222811848.0,1826714,1826714,1285,(주)쇼박스,15세관람가,범죄,한준희,정수지,1,2019,1,0,2,8,72,5,1472147.999999999
9,뺑반,15222811848.0,15222811848.0,1826714,1826714,1285,(주)쇼박스,15세관람가,액션,한준희,정수지,1,2019,1,0,3,8,72,5,1472147.999999999
9,뺑반,15222811848.0,15222811848.0,1826714,1826714,1285,(주)쇼박스,15세관람가,범죄,한준희,배유람,1,2019,1,0,2,8,73,5,1472147.999999999
9,뺑반,15222811848.0,15222811848.0,1826714,1826714,1285,(주)쇼박스,15세관람가,액션,한준희,배유람,1,2019,1,0,3,8,73,5,1472147.999999999
9,뺑반,15222811848.0,15222811848.0,1826714,1826714,1285,(주)쇼박스,15세관람가,범죄,한준희,이성욱,1,2019,1,0,2,8,32,5,1069865.0000000005
9,뺑반,15222811848.0,15222811848.0,1826714,1826714,1285,(주)쇼박스,15세관람가,액션,한준희,이성욱,1,2019,1,0,3,8,32,5,1069865.0000000005
10,걸캅스,13807476134.0,13807476134.0,1628963,1628963,973,씨제이이앤엠(주),15세관람가,코미디,정다원,라미란,5,2019,0,0,0,9,55,2,988451.9999999999
10,걸캅스,13807476134.0,13807476134.0,1628963,1628963,973,씨제이이앤엠(주),15세관람가,액션,정다원,라미란,5,2019,0,0,3,9,55,2,988451.9999999999
10,걸캅스,13807476134.0,13807476134.0,1628963,1628963,973,씨제이이앤엠(주),15세관람가,코미디,정다원,이성경,5,2019,0,0,0,9,74,2,1472147.999999999
10,걸캅스,13807476134.0,13807476134.0,1628963,1628963,973,씨제이이앤엠(주),15세관람가,액션,정다원,이성경,5,2019,0,0,3,9,74,2,1472147.999999999
10,걸캅스,13807476134.0,13807476134.0,1628963,1628963,973,씨제이이앤엠(주),15세관람가,코미디,정다원,윤상현,5,2019,0,0,0,9,75,2,1472147.999999999
10,걸캅스,13807476134.0,13807476134.0,1628963,1628963,973,씨제이이앤엠(주),15세관람가,액션,정다원,윤상현,5,2019,0,0,3,9,75,2,1472147.999999999
10,걸캅스,13807476134.0,13807476134.0,1628963,1628963,973,씨제이이앤엠(주),15세관람가,코미디,정다원,최수영,5,2019,0,0,0,9,76,2,1472147.999999999
10,걸캅스,13807476134.0,13807476134.0,1628963,1628963,973,씨제이이앤엠(주),15세관람가,액션,정다원,최수영,5,2019,0,0,3,9,76,2,1472147.999999999
10,걸캅스,13807476134.0,13807476134.0,1628963,1628963,973,씨제이이앤엠(주),15세관람가,코미디,정다원,염혜란,5,2019,0,0,0,9,36,2,1069865.0000000005
10,걸캅스,13807476134.0,13807476134.0,1628963,1628963,973,씨제이이앤엠(주),15세관람가,액션,정다원,염혜란,5,2019,0,0,3,9,36,2,1069865.0000000005
10,걸캅스,13807476134.0,13807476134.0,1628963,1628963,973,씨제이이앤엠(주),15세관람가,코미디,정다원,위하준,5,2019,0,0,0,9,77,2,1472147.999999999
10,걸캅스,13807476134.0,13807476134.0,1628963,1628963,973,씨제이이앤엠(주),15세관람가,액션,정다원,위하준,5,2019,0,0,3,9,77,2,1472147.999999999
10,걸캅스,13807476134.0,13807476134.0,1628963,1628963,973,씨제이이앤엠(주),15세관람가,코미디,정다원,주우재,5,2019,0,0,0,9,78,2,1472147.999999999
10,걸캅스,13807476134.0,13807476134.0,1628963,1628963,973,씨제이이앤엠(주),15세관람가,액션,정다원,주우재,5,2019,0,0,3,9,78,2,1472147.999999999
10,걸캅스,13807476134.0,13807476134.0,1628963,1628963,973,씨제이이앤엠(주),15세관람가,코미디,정다원,강홍석,5,2019,0,0,0,9,79,2,1194229.9999999993
10,걸캅스,13807476134.0,13807476134.0,1628963,1628963,973,씨제이이앤엠(주),15세관람가,액션,정다원,강홍석,5,2019,0,0,3,9,79,2,1472147.999999999
10,걸캅스,13807476134.0,13807476134.0,1628963,1628963,973,씨제이이앤엠(주),15세관람가,코미디,정다원,김도완,5,2019,0,0,0,9,80,2,1194229.9999999993
10,걸캅스,13807476134.0,13807476134.0,1628963,1628963,973,씨제이이앤엠(주),15세관람가,액션,정다원,김도완,5,2019,0,0,3,9,80,2,1194229.9999999993
10,걸캅스,13807476134.0,13807476134.0,1628963,1628963,973,씨제이이앤엠(주),15세관람가,코미디,정다원,이정민,5,2019,0,0,0,9,81,2,1194229.9999999993
10,걸캅스,13807476134.0,13807476134.0,1628963,1628963,973,씨제이이앤엠(주),15세관람가,액션,정다원,이정민,5,2019,0,0,3,9,81,2,1194229.9999999993
10,걸캅스,13807476134.0,13807476134.0,1628963,1628963,973,씨제이이앤엠(주),15세관람가,코미디,정다원,신현숙,5,2019,0,0,0,9,82,2,233211.99999999988
10,걸캅스,13807476134.0,13807476134.0,1628963,1628963,973,씨제이이앤엠(주),15세관람가,액션,정다원,신현숙,5,2019,0,0,3,9,82,2,233211.99999999988
10,걸캅스,13807476134.0,13807476134.0,1628963,1628963,973,씨제이이앤엠(주),15세관람가,코미디,정다원,이레,5,2019,0,0,0,9,43,2,1069865.0000000005
10,걸캅스,13807476134.0,13807476134.0,1628963,1628963,973,씨제이이앤엠(주),15세관람가,액션,정다원,이레,5,2019,0,0,3,9,43,2,1069865.0000000005
10,걸캅스,13807476134.0,13807476134.0,1628963,1628963,973,씨제이이앤엠(주),15세관람가,코미디,정다원,조혜주,5,2019,0,0,0,9,83,2,233211.99999999988
10,걸캅스,13807476134.0,13807476134.0,1628963,1628963,973,씨제이이앤엠(주),15세관람가,액션,정다원,조혜주,5,2019,0,0,3,9,83,2,233211.99999999988
10,걸캅스,13807476134.0,13807476134.0,1628963,1628963,973,씨제이이앤엠(주),15세관람가,코미디,정다원,배유람,5,2019,0,0,0,9,73,2,1472147.999999999
10,걸캅스,13807476134.0,13807476134.0,1628963,1628963,973,씨제이이앤엠(주),15세관람가,액션,정다원,배유람,5,2019,0,0,3,9,73,2,1472147.999999999
11,나의 특별한 형제,12068227074.0,12068227074.0,1476121,1476121,936,(주)넥스트엔터테인먼트월드(NEW),12세관람가,드라마,육상효,신하균,5,2019,6,2,1,10,84,1,233211.99999999988
11,나의 특별한 형제,12068227074.0,12068227074.0,1476121,1476121,936,(주)넥스트엔터테인먼트월드(NEW),12세관람가,코미디,육상효,신하균,5,2019,6,2,0,10,84,1,233211.99999999988
11,나의 특별한 형제,12068227074.0,12068227074.0,1476121,1476121,936,(주)넥스트엔터테인먼트월드(NEW),12세관람가,드라마,육상효,이광수,5,2019,6,2,1,10,85,1,233211.99999999988
11,나의 특별한 형제,12068227074.0,12068227074.0,1476121,1476121,936,(주)넥스트엔터테인먼트월드(NEW),12세관람가,코미디,육상효,이광수,5,2019,6,2,0,10,85,1,233211.99999999988
11,나의 특별한 형제,12068227074.0,12068227074.0,1476121,1476121,936,(주)넥스트엔터테인먼트월드(NEW),12세관람가,드라마,육상효,이솜,5,2019,6,2,1,10,86,1,233211.99999999988
11,나의 특별한 형제,12068227074.0,12068227074.0,1476121,1476121,936,(주)넥스트엔터테인먼트월드(NEW),12세관람가,코미디,육상효,이솜,5,2019,6,2,0,10,86,1,233211.99999999988
11,나의 특별한 형제,12068227074.0,12068227074.0,1476121,1476121,936,(주)넥스트엔터테인먼트월드(NEW),12세관람가,드라마,육상효,박철민,5,2019,6,2,1,10,87,1,233211.99999999988
11,나의 특별한 형제,12068227074.0,12068227074.0,1476121,1476121,936,(주)넥스트엔터테인먼트월드(NEW),12세관람가,코미디,육상효,박철민,5,2019,6,2,0,10,87,1,233211.99999999988
11,나의 특별한 형제,12068227074.0,12068227074.0,1476121,1476121,936,(주)넥스트엔터테인먼트월드(NEW),12세관람가,드라마,육상효,권해효,5,2019,6,2,1,10,88,1,233211.99999999988
11,나의 특별한 형제,12068227074.0,12068227074.0,1476121,1476121,936,(주)넥스트엔터테인먼트월드(NEW),12세관람가,코미디,육상효,권해효,5,2019,6,2,0,10,88,1,233211.99999999988
11,나의 특별한 형제,12068227074.0,12068227074.0,1476121,1476121,936,(주)넥스트엔터테인먼트월드(NEW),12세관람가,드라마,육상효,길해연,5,2019,6,2,1,10,89,1,233211.99999999988
11,나의 특별한 형제,12068227074.0,12068227074.0,1476121,1476121,936,(주)넥스트엔터테인먼트월드(NEW),12세관람가,코미디,육상효,길해연,5,2019,6,2,0,10,89,1,233211.99999999988
12,생일,9882574840.0,9882574840.0,1197151,1197151,878,(주)넥스트엔터테인먼트월드(NEW),전체관람가,드라마,이종언,설경구,4,2019,6,3,1,11,90,1,1069865.0000000005
12,생일,9882574840.0,9882574840.0,1197151,1197151,878,(주)넥스트엔터테인먼트월드(NEW),전체관람가,드라마,이종언,전도연,4,2019,6,3,1,11,91,1,1069865.0000000005
12,생일,9882574840.0,9882574840.0,1197151,1197151,878,(주)넥스트엔터테인먼트월드(NEW),전체관람가,드라마,이종언,김보민,4,2019,6,3,1,11,92,1,1069865.0000000005
12,생일,9882574840.0,9882574840.0,1197151,1197151,878,(주)넥스트엔터테인먼트월드(NEW),전체관람가,드라마,이종언,윤찬영,4,2019,6,3,1,11,93,1,1069865.0000000005
12,생일,9882574840.0,9882574840.0,1197151,1197151,878,(주)넥스트엔터테인먼트월드(NEW),전체관람가,드라마,이종언,박종환,4,2019,6,3,1,11,94,1,1069865.0000000005
12,생일,9882574840.0,9882574840.0,1197151,1197151,878,(주)넥스트엔터테인먼트월드(NEW),전체관람가,드라마,이종언,성유빈,4,2019,6,3,1,11,95,1,1069865.0000000005
12,생일,9882574840.0,9882574840.0,1197151,1197151,878,(주)넥스트엔터테인먼트월드(NEW),전체관람가,드라마,이종언,탕준상,4,2019,6,3,1,11,96,1,1069865.0000000005
12,생일,9882574840.0,9882574840.0,1197151,1197151,878,(주)넥스트엔터테인먼트월드(NEW),전체관람가,드라마,이종언,신문성,4,2019,6,3,1,11,97,1,6880546.999999996
12,생일,9882574840.0,9882574840.0,1197151,1197151,878,(주)넥스트엔터테인먼트월드(NEW),전체관람가,드라마,이종언,이봉련,4,2019,6,3,1,11,98,1,6880546.999999996
13,롱 리브 더 킹: 목포 영웅,9222434910.0,9222434910.0,1093676,1093676,965,메가박스중앙(주)플러스엠,15세관람가,액션,강윤성,김래원,6,2019,7,0,3,12,99,3,6880546.999999996
13,롱 리브 더 킹: 목포 영웅,9222434910.0,9222434910.0,1093676,1093676,965,메가박스중앙(주)플러스엠,15세관람가,드라마,강윤성,김래원,6,2019,7,0,1,12,99,3,6880546.999999996
13,롱 리브 더 킹: 목포 영웅,9222434910.0,9222434910.0,1093676,1093676,965,(주)콘텐츠 난다긴다,15세관람가,액션,강윤성,김래원,6,2019,8,0,3,12,99,3,6880546.999999996
13,롱 리브 더 킹: 목포 영웅,9222434910.0,9222434910.0,1093676,1093676,965,(주)콘텐츠 난다긴다,15세관람가,드라마,강윤성,김래원,6,2019,8,0,1,12,99,3,6880546.999999996
13,롱 리브 더 킹: 목포 영웅,9222434910.0,9222434910.0,1093676,1093676,965,메가박스중앙(주)플러스엠,15세관람가,액션,강윤성,원진아,6,2019,7,0,3,12,18,3,6880546.999999996
13,롱 리브 더 킹: 목포 영웅,9222434910.0,9222434910.0,1093676,1093676,965,메가박스중앙(주)플러스엠,15세관람가,드라마,강윤성,원진아,6,2019,7,0,1,12,18,3,6880546.999999996
13,롱 리브 더 킹: 목포 영웅,9222434910.0,9222434910.0,1093676,1093676,965,(주)콘텐츠 난다긴다,15세관람가,액션,강윤성,원진아,6,2019,8,0,3,12,18,3,6880546.999999996
13,롱 리브 더 킹: 목포 영웅,9222434910.0,9222434910.0,1093676,1093676,965,(주)콘텐츠 난다긴다,15세관람가,드라마,강윤성,원진아,6,2019,8,0,1,12,18,3,6880546.999999996
13,롱 리브 더 킹: 목포 영웅,9222434910.0,9222434910.0,1093676,1093676,965,메가박스중앙(주)플러스엠,15세관람가,액션,강윤성,진선규,6,2019,7,0,3,12,2,3,6880546.999999996
13,롱 리브 더 킹: 목포 영웅,9222434910.0,9222434910.0,1093676,1093676,965,메가박스중앙(주)플러스엠,15세관람가,드라마,강윤성,진선규,6,2019,7,0,1,12,2,3,6880546.999999996
13,롱 리브 더 킹: 목포 영웅,9222434910.0,9222434910.0,1093676,1093676,965,(주)콘텐츠 난다긴다,15세관람가,액션,강윤성,진선규,6,2019,8,0,3,12,2,3,6880546.999999996
13,롱 리브 더 킹: 목포 영웅,9222434910.0,9222434910.0,1093676,1093676,965,(주)콘텐츠 난다긴다,15세관람가,드라마,강윤성,진선규,6,2019,8,0,1,12,2,3,6880546.999999996
13,롱 리브 더 킹: 목포 영웅,9222434910.0,9222434910.0,1093676,1093676,965,메가박스중앙(주)플러스엠,15세관람가,액션,강윤성,최귀화,6,2019,7,0,3,12,100,3,6880546.999999996
13,롱 리브 더 킹: 목포 영웅,9222434910.0,9222434910.0,1093676,1093676,965,메가박스중앙(주)플러스엠,15세관람가,드라마,강윤성,최귀화,6,2019,7,0,1,12,100,3,6880546.999999996
13,롱 리브 더 킹: 목포 영웅,9222434910.0,9222434910.0,1093676,1093676,965,(주)콘텐츠 난다긴다,15세관람가,액션,강윤성,최귀화,6,2019,8,0,3,12,100,3,6880546.999999996
13,롱 리브 더 킹: 목포 영웅,9222434910.0,9222434910.0,1093676,1093676,965,(주)콘텐츠 난다긴다,15세관람가,드라마,강윤성,최귀화,6,2019,8,0,1,12,100,3,6880546.999999996
13,롱 리브 더 킹: 목포 영웅,9222434910.0,9222434910.0,1093676,1093676,965,메가박스중앙(주)플러스엠,15세관람가,액션,강윤성,최무성,6,2019,7,0,3,12,101,3,6880546.999999996
13,롱 리브 더 킹: 목포 영웅,9222434910.0,9222434910.0,1093676,1093676,965,메가박스중앙(주)플러스엠,15세관람가,드라마,강윤성,최무성,6,2019,7,0,1,12,101,3,6880546.999999996
13,롱 리브 더 킹: 목포 영웅,9222434910.0,9222434910.0,1093676,1093676,965,(주)콘텐츠 난다긴다,15세관람가,액션,강윤성,최무성,6,2019,8,0,3,12,101,3,6880546.999999996
13,롱 리브 더 킹: 목포 영웅,9222434910.0,9222434910.0,1093676,1093676,965,(주)콘텐츠 난다긴다,15세관람가,드라마,강윤성,최무성,6,2019,8,0,1,12,101,3,6880546.999999996
13,롱 리브 더 킹: 목포 영웅,9222434910.0,9222434910.0,1093676,1093676,965,메가박스중앙(주)플러스엠,15세관람가,액션,강윤성,주진모,6,2019,7,0,3,12,102,3,6880546.999999996
13,롱 리브 더 킹: 목포 영웅,9222434910.0,9222434910.0,1093676,1093676,965,메가박스중앙(주)플러스엠,15세관람가,드라마,강윤성,주진모,6,2019,7,0,1,12,102,3,6880546.999999996
13,롱 리브 더 킹: 목포 영웅,9222434910.0,9222434910.0,1093676,1093676,965,(주)콘텐츠 난다긴다,15세관람가,액션,강윤성,주진모,6,2019,8,0,3,12,102,3,6880546.999999996
13,롱 리브 더 킹: 목포 영웅,9222434910.0,9222434910.0,1093676,1093676,965,(주)콘텐츠 난다긴다,15세관람가,드라마,강윤성,주진모,6,2019,8,0,1,12,102,3,6880546.999999996
13,롱 리브 더 킹: 목포 영웅,9222434910.0,9222434910.0,1093676,1093676,965,메가박스중앙(주)플러스엠,15세관람가,액션,강윤성,장지건,6,2019,7,0,3,12,103,3,6880546.999999996
13,롱 리브 더 킹: 목포 영웅,9222434910.0,9222434910.0,1093676,1093676,965,메가박스중앙(주)플러스엠,15세관람가,드라마,강윤성,장지건,6,2019,7,0,1,12,103,3,6880546.999999996
13,롱 리브 더 킹: 목포 영웅,9222434910.0,9222434910.0,1093676,1093676,965,(주)콘텐츠 난다긴다,15세관람가,액션,강윤성,장지건,6,2019,8,0,3,12,103,3,6880546.999999996
13,롱 리브 더 킹: 목포 영웅,9222434910.0,9222434910.0,1093676,1093676,965,(주)콘텐츠 난다긴다,15세관람가,드라마,강윤성,장지건,6,2019,8,0,1,12,103,3,6880546.999999996
14,나랏말싸미,6842183243.0,6842183243.0,819930,819930,1211,메가박스중앙(주)플러스엠,전체관람가,사극,조철현,송강호,7,2019,7,3,7,13,5,4,6880546.999999996
14,나랏말싸미,6842183243.0,6842183243.0,819930,819930,1211,메가박스중앙(주)플러스엠,전체관람가,사극,조철현,박해일,7,2019,7,3,7,13,104,4,6880546.999999996
14,나랏말싸미,6842183243.0,6842183243.0,819930,819930,1211,메가박스중앙(주)플러스엠,전체관람가,사극,조철현,전미선,7,2019,7,3,7,13,105,4,6880546.999999996
14,나랏말싸미,6842183243.0,6842183243.0,819930,819930,1211,메가박스중앙(주)플러스엠,전체관람가,사극,조철현,최덕문,7,2019,7,3,7,13,106,4,6880546.999999996
14,나랏말싸미,6842183243.0,6842183243.0,819930,819930,1211,메가박스중앙(주)플러스엠,전체관람가,사극,조철현,남문철,7,2019,7,3,7,13,107,4,6880546.999999996
14,나랏말싸미,6842183243.0,6842183243.0,819930,819930,1211,메가박스중앙(주)플러스엠,전체관람가,사극,조철현,정해균,7,2019,7,3,7,13,108,4,6880546.999999996
14,나랏말싸미,6842183243.0,6842183243.0,819930,819930,1211,메가박스중앙(주)플러스엠,전체관람가,사극,조철현,박동혁,7,2019,7,3,7,13,109,4,827338.9999999995
14,나랏말싸미,6842183243.0,6842183243.0,819930,819930,1211,메가박스중앙(주)플러스엠,전체관람가,사극,조철현,정인겸,7,2019,7,3,7,13,110,4,827338.9999999995
14,나랏말싸미,6842183243.0,6842183243.0,819930,819930,1211,메가박스중앙(주)플러스엠,전체관람가,사극,조철현,김준한,7,2019,7,3,7,13,111,4,827338.9999999995
14,나랏말싸미,6842183243.0,6842183243.0,819930,819930,1211,메가박스중앙(주)플러스엠,전체관람가,사극,조철현,차래형,7,2019,7,3,7,13,112,4,827338.9999999995
14,나랏말싸미,6842183243.0,6842183243.0,819930,819930,1211,메가박스중앙(주)플러스엠,전체관람가,사극,조철현,윤정일,7,2019,7,3,7,13,113,4,827338.9999999995
14,나랏말싸미,6842183243.0,6842183243.0,819930,819930,1211,메가박스중앙(주)플러스엠,전체관람가,사극,조철현,탕준상,7,2019,7,3,7,13,96,4,6880546.999999996
14,나랏말싸미,6842183243.0,6842183243.0,819930,819930,1211,메가박스중앙(주)플러스엠,전체관람가,사극,조철현,금새록,7,2019,7,3,7,13,114,4,827338.9999999995
14,나랏말싸미,6842183243.0,6842183243.0,819930,819930,1211,메가박스중앙(주)플러스엠,전체관람가,사극,조철현,임성재,7,2019,7,3,7,13,115,4,827338.9999999995
14,나랏말싸미,6842183243.0,6842183243.0,819930,819930,1211,메가박스중앙(주)플러스엠,전체관람가,사극,조철현,오현경,7,2019,7,3,7,13,116,4,827338.9999999995
14,나랏말싸미,6842183243.0,6842183243.0,819930,819930,1211,메가박스중앙(주)플러스엠,전체관람가,사극,조철현,정수지,7,2019,7,3,7,13,72,4,1472147.999999999
14,나랏말싸미,6842183243.0,6842183243.0,819930,819930,1211,메가박스중앙(주)플러스엠,전체관람가,사극,조철현,지웅배,7,2019,7,3,7,13,117,4,827338.9999999995
15,뽀로로 극장판 보물섬 대모험,5883507900.0,5883507900.0,766264,766264,797,(주)넥스트엔터테인먼트월드(NEW),전체관람가,애니메이션,김현호,이선,4,2019,6,3,8,14,118,4,827338.9999999995
15,뽀로로 극장판 보물섬 대모험,5883507900.0,5883507900.0,766264,766264,797,(주)넥스트엔터테인먼트월드(NEW),전체관람가,가족,김현호,이선,4,2019,6,3,9,14,118,4,827338.9999999995
15,뽀로로 극장판 보물섬 대모험,5883507900.0,5883507900.0,766264,766264,797,(주)넥스트엔터테인먼트월드(NEW),전체관람가,애니메이션,윤창섭,이선,4,2019,6,3,8,15,118,4,827338.9999999995
15,뽀로로 극장판 보물섬 대모험,5883507900.0,5883507900.0,766264,766264,797,(주)넥스트엔터테인먼트월드(NEW),전체관람가,가족,윤창섭,이선,4,2019,6,3,9,15,118,4,827338.9999999995
15,뽀로로 극장판 보물섬 대모험,5883507900.0,5883507900.0,766264,766264,797,(주)넥스트엔터테인먼트월드(NEW),전체관람가,애니메이션,김현호,이미자,4,2019,6,3,8,14,119,4,827336.0000000002
15,뽀로로 극장판 보물섬 대모험,5883507900.0,5883507900.0,766264,766264,797,(주)넥스트엔터테인먼트월드(NEW),전체관람가,가족,김현호,이미자,4,2019,6,3,9,14,119,4,827336.0000000002
15,뽀로로 극장판 보물섬 대모험,5883507900.0,5883507900.0,766264,766264,797,(주)넥스트엔터테인먼트월드(NEW),전체관람가,애니메이션,윤창섭,이미자,4,2019,6,3,8,15,119,4,827336.0000000002
15,뽀로로 극장판 보물섬 대모험,5883507900.0,5883507900.0,766264,766264,797,(주)넥스트엔터테인먼트월드(NEW),전체관람가,가족,윤창섭,이미자,4,2019,6,3,9,15,119,4,827336.0000000002
15,뽀로로 극장판 보물섬 대모험,5883507900.0,5883507900.0,766264,766264,797,(주)넥스트엔터테인먼트월드(NEW),전체관람가,애니메이션,김현호,김현지,4,2019,6,3,8,14,120,4,827336.0000000002
15,뽀로로 극장판 보물섬 대모험,5883507900.0,5883507900.0,766264,766264,797,(주)넥스트엔터테인먼트월드(NEW),전체관람가,가족,김현호,김현지,4,2019,6,3,9,14,120,4,827336.0000000002
15,뽀로로 극장판 보물섬 대모험,5883507900.0,5883507900.0,766264,766264,797,(주)넥스트엔터테인먼트월드(NEW),전체관람가,애니메이션,윤창섭,김현지,4,2019,6,3,8,15,120,4,827336.0000000002
15,뽀로로 극장판 보물섬 대모험,5883507900.0,5883507900.0,766264,766264,797,(주)넥스트엔터테인먼트월드(NEW),전체관람가,가족,윤창섭,김현지,4,2019,6,3,9,15,120,4,827336.0000000002
15,뽀로로 극장판 보물섬 대모험,5883507900.0,5883507900.0,766264,766264,797,(주)넥스트엔터테인먼트월드(NEW),전체관람가,애니메이션,김현호,홍소영,4,2019,6,3,8,14,121,4,827338.9999999995
15,뽀로로 극장판 보물섬 대모험,5883507900.0,5883507900.0,766264,766264,797,(주)넥스트엔터테인먼트월드(NEW),전체관람가,가족,김현호,홍소영,4,2019,6,3,9,14,121,4,827338.9999999995
15,뽀로로 극장판 보물섬 대모험,5883507900.0,5883507900.0,766264,766264,797,(주)넥스트엔터테인먼트월드(NEW),전체관람가,애니메이션,윤창섭,홍소영,4,2019,6,3,8,15,121,4,827338.9999999995
15,뽀로로 극장판 보물섬 대모험,5883507900.0,5883507900.0,766264,766264,797,(주)넥스트엔터테인먼트월드(NEW),전체관람가,가족,윤창섭,홍소영,4,2019,6,3,9,15,121,4,827338.9999999995
15,뽀로로 극장판 보물섬 대모험,5883507900.0,5883507900.0,766264,766264,797,(주)넥스트엔터테인먼트월드(NEW),전체관람가,애니메이션,김현호,정미숙,4,2019,6,3,8,14,122,4,827338.9999999995
15,뽀로로 극장판 보물섬 대모험,5883507900.0,5883507900.0,766264,766264,797,(주)넥스트엔터테인먼트월드(NEW),전체관람가,가족,김현호,정미숙,4,2019,6,3,9,14,122,4,827338.9999999995
15,뽀로로 극장판 보물섬 대모험,5883507900.0,5883507900.0,766264,766264,797,(주)넥스트엔터테인먼트월드(NEW),전체관람가,애니메이션,윤창섭,정미숙,4,2019,6,3,8,15,122,4,879450.0000000005
15,뽀로로 극장판 보물섬 대모험,5883507900.0,5883507900.0,766264,766264,797,(주)넥스트엔터테인먼트월드(NEW),전체관람가,가족,윤창섭,정미숙,4,2019,6,3,9,15,122,4,879450.0000000005
15,뽀로로 극장판 보물섬 대모험,5883507900.0,5883507900.0,766264,766264,797,(주)넥스트엔터테인먼트월드(NEW),전체관람가,애니메이션,김현호,김서영,4,2019,6,3,8,14,123,4,879450.0000000005
15,뽀로로 극장판 보물섬 대모험,5883507900.0,5883507900.0,766264,766264,797,(주)넥스트엔터테인먼트월드(NEW),전체관람가,가족,김현호,김서영,4,2019,6,3,9,14,123,4,879450.0000000005
15,뽀로로 극장판 보물섬 대모험,5883507900.0,5883507900.0,766264,766264,797,(주)넥스트엔터테인먼트월드(NEW),전체관람가,애니메이션,윤창섭,김서영,4,2019,6,3,8,15,123,4,879450.0000000005
15,뽀로로 극장판 보물섬 대모험,5883507900.0,5883507900.0,766264,766264,797,(주)넥스트엔터테인먼트월드(NEW),전체관람가,가족,윤창섭,김서영,4,2019,6,3,9,15,123,4,879450.0000000005
15,뽀로로 극장판 보물섬 대모험,5883507900.0,5883507900.0,766264,766264,797,(주)넥스트엔터테인먼트월드(NEW),전체관람가,애니메이션,김현호,김환진,4,2019,6,3,8,14,124,4,879450.0000000005
15,뽀로로 극장판 보물섬 대모험,5883507900.0,5883507900.0,766264,766264,797,(주)넥스트엔터테인먼트월드(NEW),전체관람가,가족,김현호,김환진,4,2019,6,3,9,14,124,4,879450.0000000005
15,뽀로로 극장판 보물섬 대모험,5883507900.0,5883507900.0,766264,766264,797,(주)넥스트엔터테인먼트월드(NEW),전체관람가,애니메이션,윤창섭,김환진,4,2019,6,3,8,15,124,4,879450.0000000005
15,뽀로로 극장판 보물섬 대모험,5883507900.0,5883507900.0,766264,766264,797,(주)넥스트엔터테인먼트월드(NEW),전체관람가,가족,윤창섭,김환진,4,2019,6,3,9,15,124,4,879450.0000000005
15,뽀로로 극장판 보물섬 대모험,5883507900.0,5883507900.0,766264,766264,797,(주)넥스트엔터테인먼트월드(NEW),전체관람가,애니메이션,김현호,남도형,4,2019,6,3,8,14,125,4,879450.0000000005
15,뽀로로 극장판 보물섬 대모험,5883507900.0,5883507900.0,766264,766264,797,(주)넥스트엔터테인먼트월드(NEW),전체관람가,가족,김현호,남도형,4,2019,6,3,9,14,125,4,879450.0000000005
15,뽀로로 극장판 보물섬 대모험,5883507900.0,5883507900.0,766264,766264,797,(주)넥스트엔터테인먼트월드(NEW),전체관람가,애니메이션,윤창섭,남도형,4,2019,6,3,8,15,125,4,879450.0000000005
15,뽀로로 극장판 보물섬 대모험,5883507900.0,5883507900.0,766264,766264,797,(주)넥스트엔터테인먼트월드(NEW),전체관람가,가족,윤창섭,남도형,4,2019,6,3,9,15,125,4,879450.0000000005
15,뽀로로 극장판 보물섬 대모험,5883507900.0,5883507900.0,766264,766264,797,(주)넥스트엔터테인먼트월드(NEW),전체관람가,애니메이션,김현호,정승욱,4,2019,6,3,8,14,126,4,879450.0000000005
15,뽀로로 극장판 보물섬 대모험,5883507900.0,5883507900.0,766264,766264,797,(주)넥스트엔터테인먼트월드(NEW),전체관람가,가족,김현호,정승욱,4,2019,6,3,9,14,126,4,879450.0000000005
15,뽀로로 극장판 보물섬 대모험,5883507900.0,5883507900.0,766264,766264,797,(주)넥스트엔터테인먼트월드(NEW),전체관람가,애니메이션,윤창섭,정승욱,4,2019,6,3,8,15,126,4,879450.0000000005
15,뽀로로 극장판 보물섬 대모험,5883507900.0,5883507900.0,766264,766264,797,(주)넥스트엔터테인먼트월드(NEW),전체관람가,가족,윤창섭,정승욱,4,2019,6,3,9,15,126,4,879450.0000000005
15,뽀로로 극장판 보물섬 대모험,5883507900.0,5883507900.0,766264,766264,797,(주)넥스트엔터테인먼트월드(NEW),전체관람가,애니메이션,김현호,이장원,4,2019,6,3,8,14,127,4,879450.0000000005
15,뽀로로 극장판 보물섬 대모험,5883507900.0,5883507900.0,766264,766264,797,(주)넥스트엔터테인먼트월드(NEW),전체관람가,가족,김현호,이장원,4,2019,6,3,9,14,127,4,879450.0000000005
15,뽀로로 극장판 보물섬 대모험,5883507900.0,5883507900.0,766264,766264,797,(주)넥스트엔터테인먼트월드(NEW),전체관람가,애니메이션,윤창섭,이장원,4,2019,6,3,8,15,127,4,879450.0000000005
15,뽀로로 극장판 보물섬 대모험,5883507900.0,5883507900.0,766264,766264,797,(주)넥스트엔터테인먼트월드(NEW),전체관람가,가족,윤창섭,이장원,4,2019,6,3,9,15,127,4,879450.0000000005
15,뽀로로 극장판 보물섬 대모험,5883507900.0,5883507900.0,766264,766264,797,(주)넥스트엔터테인먼트월드(NEW),전체관람가,애니메이션,김현호,황창영,4,2019,6,3,8,14,128,4,879450.0000000005
15,뽀로로 극장판 보물섬 대모험,5883507900.0,5883507900.0,766264,766264,797,(주)넥스트엔터테인먼트월드(NEW),전체관람가,가족,김현호,황창영,4,2019,6,3,9,14,128,4,879450.0000000005
15,뽀로로 극장판 보물섬 대모험,5883507900.0,5883507900.0,766264,766264,797,(주)넥스트엔터테인먼트월드(NEW),전체관람가,애니메이션,윤창섭,황창영,4,2019,6,3,8,15,128,4,879450.0000000005
15,뽀로로 극장판 보물섬 대모험,5883507900.0,5883507900.0,766264,766264,797,(주)넥스트엔터테인먼트월드(NEW),전체관람가,가족,윤창섭,황창영,4,2019,6,3,9,15,128,4,879450.0000000005
16,극장판 헬로카봇: 옴파로스 섬의 비밀,4485905140.0,4485905140.0,575353,575353,752,(주)넥스트엔터테인먼트월드(NEW),전체관람가,애니메이션,최신규,이지현,1,2019,6,3,8,16,129,5,879450.0000000005
16,극장판 헬로카봇: 옴파로스 섬의 비밀,4485905140.0,4485905140.0,575353,575353,752,(주)넥스트엔터테인먼트월드(NEW),전체관람가,애니메이션,김진철,이지현,1,2019,6,3,8,17,129,5,879682.9999999994
16,극장판 헬로카봇: 옴파로스 섬의 비밀,4485905140.0,4485905140.0,575353,575353,752,(주)넥스트엔터테인먼트월드(NEW),전체관람가,애니메이션,최신규,김용준,1,2019,6,3,8,16,130,5,879682.9999999994
16,극장판 헬로카봇: 옴파로스 섬의 비밀,4485905140.0,4485905140.0,575353,575353,752,(주)넥스트엔터테인먼트월드(NEW),전체관람가,애니메이션,김진철,김용준,1,2019,6,3,8,17,130,5,879682.9999999994
16,극장판 헬로카봇: 옴파로스 섬의 비밀,4485905140.0,4485905140.0,575353,575353,752,(주)넥스트엔터테인먼트월드(NEW),전체관람가,애니메이션,최신규,양정화,1,2019,6,3,8,16,131,5,879450.0000000005
16,극장판 헬로카봇: 옴파로스 섬의 비밀,4485905140.0,4485905140.0,575353,575353,752,(주)넥스트엔터테인먼트월드(NEW),전체관람가,애니메이션,김진철,양정화,1,2019,6,3,8,17,131,5,879682.9999999994
16,극장판 헬로카봇: 옴파로스 섬의 비밀,4485905140.0,4485905140.0,575353,575353,752,(주)넥스트엔터테인먼트월드(NEW),전체관람가,애니메이션,최신규,사문영,1,2019,6,3,8,16,132,5,879450.0000000005
16,극장판 헬로카봇: 옴파로스 섬의 비밀,4485905140.0,4485905140.0,575353,575353,752,(주)넥스트엔터테인먼트월드(NEW),전체관람가,애니메이션,김진철,사문영,1,2019,6,3,8,17,132,5,879682.9999999994
16,극장판 헬로카봇: 옴파로스 섬의 비밀,4485905140.0,4485905140.0,575353,575353,752,(주)넥스트엔터테인먼트월드(NEW),전체관람가,애니메이션,최신규,홍범기,1,2019,6,3,8,16,133,5,879682.9999999994
16,극장판 헬로카봇: 옴파로스 섬의 비밀,4485905140.0,4485905140.0,575353,575353,752,(주)넥스트엔터테인먼트월드(NEW),전체관람가,애니메이션,김진철,홍범기,1,2019,6,3,8,17,133,5,879450.0000000005
16,극장판 헬로카봇: 옴파로스 섬의 비밀,4485905140.0,4485905140.0,575353,575353,752,(주)넥스트엔터테인먼트월드(NEW),전체관람가,애니메이션,최신규,이현,1,2019,6,3,8,16,134,5,879450.0000000005
16,극장판 헬로카봇: 옴파로스 섬의 비밀,4485905140.0,4485905140.0,575353,575353,752,(주)넥스트엔터테인먼트월드(NEW),전체관람가,애니메이션,김진철,이현,1,2019,6,3,8,17,134,5,879682.9999999994
16,극장판 헬로카봇: 옴파로스 섬의 비밀,4485905140.0,4485905140.0,575353,575353,752,(주)넥스트엔터테인먼트월드(NEW),전체관람가,애니메이션,최신규,시영준,1,2019,6,3,8,16,135,5,879450.0000000005
16,극장판 헬로카봇: 옴파로스 섬의 비밀,4485905140.0,4485905140.0,575353,575353,752,(주)넥스트엔터테인먼트월드(NEW),전체관람가,애니메이션,김진철,시영준,1,2019,6,3,8,17,135,5,879682.9999999994
16,극장판 헬로카봇: 옴파로스 섬의 비밀,4485905140.0,4485905140.0,575353,575353,752,(주)넥스트엔터테인먼트월드(NEW),전체관람가,애니메이션,최신규,엄상현,1,2019,6,3,8,16,136,5,879450.0000000005
16,극장판 헬로카봇: 옴파로스 섬의 비밀,4485905140.0,4485905140.0,575353,575353,752,(주)넥스트엔터테인먼트월드(NEW),전체관람가,애니메이션,김진철,엄상현,1,2019,6,3,8,17,136,5,879682.9999999994
16,극장판 헬로카봇: 옴파로스 섬의 비밀,4485905140.0,4485905140.0,575353,575353,752,(주)넥스트엔터테인먼트월드(NEW),전체관람가,애니메이션,최신규,임정길,1,2019,6,3,8,16,137,5,879450.0000000005
16,극장판 헬로카봇: 옴파로스 섬의 비밀,4485905140.0,4485905140.0,575353,575353,752,(주)넥스트엔터테인먼트월드(NEW),전체관람가,애니메이션,김진철,임정길,1,2019,6,3,8,17,137,5,879450.0000000005
16,극장판 헬로카봇: 옴파로스 섬의 비밀,4485905140.0,4485905140.0,575353,575353,752,(주)넥스트엔터테인먼트월드(NEW),전체관람가,애니메이션,최신규,서윤선,1,2019,6,3,8,16,138,5,879450.0000000005
16,극장판 헬로카봇: 옴파로스 섬의 비밀,4485905140.0,4485905140.0,575353,575353,752,(주)넥스트엔터테인먼트월드(NEW),전체관람가,애니메이션,김진철,서윤선,1,2019,6,3,8,17,138,5,879450.0000000005
18,극장판 공룡메카드: 타이니소어의 섬,3140214420.0,3141492420.0,410131,410273,763,(주)넥스트엔터테인먼트월드(NEW),전체관람가,애니메이션,최신규,김서영,1,2019,6,3,8,16,123,2,879450.0000000005
18,극장판 공룡메카드: 타이니소어의 섬,3140214420.0,3141492420.0,410131,410273,763,(주)넥스트엔터테인먼트월드(NEW),전체관람가,애니메이션,유재운,김서영,1,2019,6,3,8,19,123,2,879682.9999999994
18,극장판 공룡메카드: 타이니소어의 섬,3140214420.0,3141492420.0,410131,410273,763,(주)넥스트엔터테인먼트월드(NEW),전체관람가,애니메이션,최신규,엄상현,1,2019,6,3,8,16,136,2,879450.0000000005
18,극장판 공룡메카드: 타이니소어의 섬,3140214420.0,3141492420.0,410131,410273,763,(주)넥스트엔터테인먼트월드(NEW),전체관람가,애니메이션,유재운,엄상현,1,2019,6,3,8,19,136,2,879682.9999999994
18,극장판 공룡메카드: 타이니소어의 섬,3140214420.0,3141492420.0,410131,410273,763,(주)넥스트엔터테인먼트월드(NEW),전체관람가,애니메이션,최신규,안현서,1,2019,6,3,8,16,142,2,879450.0000000005
18,극장판 공룡메카드: 타이니소어의 섬,3140214420.0,3141492420.0,410131,410273,763,(주)넥스트엔터테인먼트월드(NEW),전체관람가,애니메이션,유재운,안현서,1,2019,6,3,8,19,142,2,879450.0000000005
18,극장판 공룡메카드: 타이니소어의 섬,3140214420.0,3141492420.0,410131,410273,763,(주)넥스트엔터테인먼트월드(NEW),전체관람가,애니메이션,최신규,김장,1,2019,6,3,8,16,143,2,879450.0000000005
18,극장판 공룡메카드: 타이니소어의 섬,3140214420.0,3141492420.0,410131,410273,763,(주)넥스트엔터테인먼트월드(NEW),전체관람가,애니메이션,유재운,김장,1,2019,6,3,8,19,143,2,879450.0000000005
18,극장판 공룡메카드: 타이니소어의 섬,3140214420.0,3141492420.0,410131,410273,763,(주)넥스트엔터테인먼트월드(NEW),전체관람가,애니메이션,최신규,홍범기,1,2019,6,3,8,16,133,2,879682.9999999994
18,극장판 공룡메카드: 타이니소어의 섬,3140214420.0,3141492420.0,410131,410273,763,(주)넥스트엔터테인먼트월드(NEW),전체관람가,애니메이션,유재운,홍범기,1,2019,6,3,8,19,133,2,879450.0000000005
18,극장판 공룡메카드: 타이니소어의 섬,3140214420.0,3141492420.0,410131,410273,763,(주)넥스트엔터테인먼트월드(NEW),전체관람가,애니메이션,최신규,양정화,1,2019,6,3,8,16,131,2,879450.0000000005
18,극장판 공룡메카드: 타이니소어의 섬,3140214420.0,3141492420.0,410131,410273,763,(주)넥스트엔터테인먼트월드(NEW),전체관람가,애니메이션,유재운,양정화,1,2019,6,3,8,19,131,2,879682.9999999994
18,극장판 공룡메카드: 타이니소어의 섬,3140214420.0,3141492420.0,410131,410273,763,(주)넥스트엔터테인먼트월드(NEW),전체관람가,애니메이션,최신규,여민정,1,2019,6,3,8,16,144,2,879450.0000000005
18,극장판 공룡메카드: 타이니소어의 섬,3140214420.0,3141492420.0,410131,410273,763,(주)넥스트엔터테인먼트월드(NEW),전체관람가,애니메이션,유재운,여민정,1,2019,6,3,8,19,144,2,879450.0000000005
18,극장판 공룡메카드: 타이니소어의 섬,3140214420.0,3141492420.0,410131,410273,763,(주)넥스트엔터테인먼트월드(NEW),전체관람가,애니메이션,최신규,이장원,1,2019,6,3,8,16,127,2,879450.0000000005
18,극장판 공룡메카드: 타이니소어의 섬,3140214420.0,3141492420.0,410131,410273,763,(주)넥스트엔터테인먼트월드(NEW),전체관람가,애니메이션,유재운,이장원,1,2019,6,3,8,19,127,2,879682.9999999994
18,극장판 공룡메카드: 타이니소어의 섬,3140214420.0,3141492420.0,410131,410273,763,(주)넥스트엔터테인먼트월드(NEW),전체관람가,애니메이션,최신규,한신,1,2019,6,3,8,16,145,2,879450.0000000005
18,극장판 공룡메카드: 타이니소어의 섬,3140214420.0,3141492420.0,410131,410273,763,(주)넥스트엔터테인먼트월드(NEW),전체관람가,애니메이션,유재운,한신,1,2019,6,3,8,19,145,2,879450.0000000005
18,극장판 공룡메카드: 타이니소어의 섬,3140214420.0,3141492420.0,410131,410273,763,(주)넥스트엔터테인먼트월드(NEW),전체관람가,애니메이션,최신규,서유리,1,2019,6,3,8,16,146,2,879450.0000000005
18,극장판 공룡메카드: 타이니소어의 섬,3140214420.0,3141492420.0,410131,410273,763,(주)넥스트엔터테인먼트월드(NEW),전체관람가,애니메이션,유재운,서유리,1,2019,6,3,8,19,146,2,879450.0000000005
18,극장판 공룡메카드: 타이니소어의 섬,3140214420.0,3141492420.0,410131,410273,763,(주)넥스트엔터테인먼트월드(NEW),전체관람가,애니메이션,최신규,정선혜,1,2019,6,3,8,16,147,2,879450.0000000005
18,극장판 공룡메카드: 타이니소어의 섬,3140214420.0,3141492420.0,410131,410273,763,(주)넥스트엔터테인먼트월드(NEW),전체관람가,애니메이션,유재운,정선혜,1,2019,6,3,8,19,147,2,879450.0000000005
18,극장판 공룡메카드: 타이니소어의 섬,3140214420.0,3141492420.0,410131,410273,763,(주)넥스트엔터테인먼트월드(NEW),전체관람가,애니메이션,최신규,소정환,1,2019,6,3,8,16,148,2,879450.0000000005
18,극장판 공룡메카드: 타이니소어의 섬,3140214420.0,3141492420.0,410131,410273,763,(주)넥스트엔터테인먼트월드(NEW),전체관람가,애니메이션,유재운,소정환,1,2019,6,3,8,19,148,2,879450.0000000005
18,극장판 공룡메카드: 타이니소어의 섬,3140214420.0,3141492420.0,410131,410273,763,(주)넥스트엔터테인먼트월드(NEW),전체관람가,애니메이션,최신규,김은아,1,2019,6,3,8,16,149,2,879450.0000000005
18,극장판 공룡메카드: 타이니소어의 섬,3140214420.0,3141492420.0,410131,410273,763,(주)넥스트엔터테인먼트월드(NEW),전체관람가,애니메이션,유재운,김은아,1,2019,6,3,8,19,149,2,879450.0000000005
18,극장판 공룡메카드: 타이니소어의 섬,3140214420.0,3141492420.0,410131,410273,763,(주)넥스트엔터테인먼트월드(NEW),전체관람가,애니메이션,최신규,민승우,1,2019,6,3,8,16,150,2,879450.0000000005
18,극장판 공룡메카드: 타이니소어의 섬,3140214420.0,3141492420.0,410131,410273,763,(주)넥스트엔터테인먼트월드(NEW),전체관람가,애니메이션,유재운,민승우,1,2019,6,3,8,19,150,2,879450.0000000005
18,극장판 공룡메카드: 타이니소어의 섬,3140214420.0,3141492420.0,410131,410273,763,(주)넥스트엔터테인먼트월드(NEW),전체관람가,애니메이션,최신규,심규혁,1,2019,6,3,8,16,151,2,879450.0000000005
18,극장판 공룡메카드: 타이니소어의 섬,3140214420.0,3141492420.0,410131,410273,763,(주)넥스트엔터테인먼트월드(NEW),전체관람가,애니메이션,유재운,심규혁,1,2019,6,3,8,19,151,2,879450.0000000005
18,극장판 공룡메카드: 타이니소어의 섬,3140214420.0,3141492420.0,410131,410273,763,(주)넥스트엔터테인먼트월드(NEW),전체관람가,애니메이션,최신규,정혜원,1,2019,6,3,8,16,152,2,879450.0000000005
18,극장판 공룡메카드: 타이니소어의 섬,3140214420.0,3141492420.0,410131,410273,763,(주)넥스트엔터테인먼트월드(NEW),전체관람가,애니메이션,유재운,정혜원,1,2019,6,3,8,19,152,2,879450.0000000005
18,극장판 공룡메카드: 타이니소어의 섬,3140214420.0,3141492420.0,410131,410273,763,(주)넥스트엔터테인먼트월드(NEW),전체관람가,애니메이션,최신규,홍진욱,1,2019,6,3,8,16,153,2,879450.0000000005
18,극장판 공룡메카드: 타이니소어의 섬,3140214420.0,3141492420.0,410131,410273,763,(주)넥스트엔터테인먼트월드(NEW),전체관람가,애니메이션,유재운,홍진욱,1,2019,6,3,8,19,153,2,879450.0000000005
20,미성년,2493769950.0,2493769950.0,293258,293258,673,(주)쇼박스,15세관람가,드라마,김윤석,염정아,4,2019,1,0,1,20,67,2,5584296.000000001
20,미성년,2493769950.0,2493769950.0,293258,293258,673,(주)쇼박스,15세관람가,드라마,김윤석,김소진,4,2019,1,0,1,20,154,2,603496.0000000001
20,미성년,2493769950.0,2493769950.0,293258,293258,673,(주)쇼박스,15세관람가,드라마,김윤석,김혜준,4,2019,1,0,1,20,155,2,603496.0000000001
20,미성년,2493769950.0,2493769950.0,293258,293258,673,(주)쇼박스,15세관람가,드라마,김윤석,박세진,4,2019,1,0,1,20,156,2,603496.0000000001
20,미성년,2493769950.0,2493769950.0,293258,293258,673,(주)쇼박스,15세관람가,드라마,김윤석,김윤석,4,2019,1,0,1,20,157,2,603496.0000000001
20,미성년,2493769950.0,2493769950.0,293258,293258,673,(주)쇼박스,15세관람가,드라마,김윤석,김희원,4,2019,1,0,1,20,158,2,603496.0000000001
20,미성년,2493769950.0,2493769950.0,293258,293258,673,(주)쇼박스,15세관람가,드라마,김윤석,이희준,4,2019,1,0,1,20,159,2,603496.0000000001
20,미성년,2493769950.0,2493769950.0,293258,293258,673,(주)쇼박스,15세관람가,드라마,김윤석,염혜란,4,2019,1,0,1,20,36,2,7363011.000000005
20,미성년,2493769950.0,2493769950.0,293258,293258,673,(주)쇼박스,15세관람가,드라마,김윤석,이정은,4,2019,1,0,1,20,11,2,308399.0000000001
21,배심원들,2304304090.0,2304304090.0,288203,288203,784,CGV아트하우스,12세관람가,드라마,홍승완,문소리,5,2019,9,2,1,21,160,3,4015361.999999997
21,배심원들,2304304090.0,2304304090.0,288203,288203,784,CGV아트하우스,12세관람가,드라마,홍승완,박형식,5,2019,9,2,1,21,161,3,4015361.999999997
21,배심원들,2304304090.0,2304304090.0,288203,288203,784,CGV아트하우스,12세관람가,드라마,홍승완,백수장,5,2019,9,2,1,21,162,3,4015361.999999997
21,배심원들,2304304090.0,2304304090.0,288203,288203,784,CGV아트하우스,12세관람가,드라마,홍승완,김미경,5,2019,9,2,1,21,163,3,4015361.999999997
21,배심원들,2304304090.0,2304304090.0,288203,288203,784,CGV아트하우스,12세관람가,드라마,홍승완,윤경호,5,2019,9,2,1,21,59,3,5584140.0
21,배심원들,2304304090.0,2304304090.0,288203,288203,784,CGV아트하우스,12세관람가,드라마,홍승완,서정연,5,2019,9,2,1,21,164,3,4015361.999999997
21,배심원들,2304304090.0,2304304090.0,288203,288203,784,CGV아트하우스,12세관람가,드라마,홍승완,조한철,5,2019,9,2,1,21,165,3,4015361.999999997
21,배심원들,2304304090.0,2304304090.0,288203,288203,784,CGV아트하우스,12세관람가,드라마,홍승완,김홍파,5,2019,9,2,1,21,27,3,5584140.0
21,배심원들,2304304090.0,2304304090.0,288203,288203,784,CGV아트하우스,12세관람가,드라마,홍승완,조수향,5,2019,9,2,1,21,166,3,603496.0000000001
21,배심원들,2304304090.0,2304304090.0,288203,288203,784,CGV아트하우스,12세관람가,드라마,홍승완,권해효,5,2019,9,2,1,21,88,3,2202155.000000002
21,배심원들,2304304090.0,2304304090.0,288203,288203,784,CGV아트하우스,12세관람가,드라마,홍승완,태인호,5,2019,9,2,1,21,167,3,603496.0000000001
21,배심원들,2304304090.0,2304304090.0,288203,288203,784,CGV아트하우스,12세관람가,드라마,홍승완,이해운,5,2019,9,2,1,21,168,3,603496.0000000001
21,배심원들,2304304090.0,2304304090.0,288203,288203,784,CGV아트하우스,12세관람가,드라마,홍승완,서진원,5,2019,9,2,1,21,169,3,603496.0000000001
21,배심원들,2304304090.0,2304304090.0,288203,288203,784,CGV아트하우스,12세관람가,드라마,홍승완,이영진,5,2019,9,2,1,21,170,3,603496.0000000001
21,배심원들,2304304090.0,2304304090.0,288203,288203,784,CGV아트하우스,12세관람가,드라마,홍승완,최영우,5,2019,9,2,1,21,171,3,603496.0000000001
21,배심원들,2304304090.0,2304304090.0,288203,288203,784,CGV아트하우스,12세관람가,드라마,홍승완,서현우,5,2019,9,2,1,21,172,3,603496.0000000001
21,배심원들,2304304090.0,2304304090.0,288203,288203,784,CGV아트하우스,12세관람가,드라마,홍승완,이용이,5,2019,9,2,1,21,173,3,603496.0000000001
21,배심원들,2304304090.0,2304304090.0,288203,288203,784,CGV아트하우스,12세관람가,드라마,홍승완,심달기,5,2019,9,2,1,21,174,3,603496.0000000001
21,배심원들,2304304090.0,2304304090.0,288203,288203,784,CGV아트하우스,12세관람가,드라마,홍승완,염동헌,5,2019,9,2,1,21,175,3,603496.0000000001
21,배심원들,2304304090.0,2304304090.0,288203,288203,784,CGV아트하우스,12세관람가,드라마,홍승완,유순웅,5,2019,9,2,1,21,176,3,603496.0000000001
21,배심원들,2304304090.0,2304304090.0,288203,288203,784,CGV아트하우스,12세관람가,드라마,홍승완,김학선,5,2019,9,2,1,21,177,3,603496.0000000001
21,배심원들,2304304090.0,2304304090.0,288203,288203,784,CGV아트하우스,12세관람가,드라마,홍승완,고서희,5,2019,9,2,1,21,178,3,603496.0000000001
21,배심원들,2304304090.0,2304304090.0,288203,288203,784,CGV아트하우스,12세관람가,드라마,홍승완,정도원,5,2019,9,2,1,21,179,3,603496.0000000001
22,기방도령,2304472690.0,2304472690.0,283807,283807,625,판씨네마(주),15세관람가,코미디,남대중,이준호,7,2019,10,0,0,22,180,2,6178593.000000003
22,기방도령,2304472690.0,2304472690.0,283807,283807,625,판씨네마(주),15세관람가,사극,남대중,이준호,7,2019,10,0,7,22,180,2,550145.9999999999
22,기방도령,2304472690.0,2304472690.0,283807,283807,625,판씨네마(주),15세관람가,코미디,남대중,정소민,7,2019,10,0,0,22,181,2,6178593.000000003
22,기방도령,2304472690.0,2304472690.0,283807,283807,625,판씨네마(주),15세관람가,사극,남대중,정소민,7,2019,10,0,7,22,181,2,550145.9999999999
22,기방도령,2304472690.0,2304472690.0,283807,283807,625,판씨네마(주),15세관람가,코미디,남대중,최귀화,7,2019,10,0,0,22,100,2,308399.0000000001
22,기방도령,2304472690.0,2304472690.0,283807,283807,625,판씨네마(주),15세관람가,사극,남대중,최귀화,7,2019,10,0,7,22,100,2,308399.0000000001
22,기방도령,2304472690.0,2304472690.0,283807,283807,625,판씨네마(주),15세관람가,코미디,남대중,예지원,7,2019,10,0,0,22,182,2,6178593.000000003
22,기방도령,2304472690.0,2304472690.0,283807,283807,625,판씨네마(주),15세관람가,사극,남대중,예지원,7,2019,10,0,7,22,182,2,550145.9999999999
22,기방도령,2304472690.0,2304472690.0,283807,283807,625,판씨네마(주),15세관람가,코미디,남대중,공명,7,2019,10,0,0,22,4,2,4015361.999999997
22,기방도령,2304472690.0,2304472690.0,283807,283807,625,판씨네마(주),15세관람가,사극,남대중,공명,7,2019,10,0,7,22,4,2,4015361.999999997
22,기방도령,2304472690.0,2304472690.0,283807,283807,625,판씨네마(주),15세관람가,코미디,남대중,장세아,7,2019,10,0,0,22,183,2,6178593.000000003
22,기방도령,2304472690.0,2304472690.0,283807,283807,625,판씨네마(주),15세관람가,사극,남대중,장세아,7,2019,10,0,7,22,183,2,550145.9999999999
23,레드슈즈,2105731160.0,2105731160.0,264856,264856,717,(주)넥스트엔터테인먼트월드(NEW),전체관람가,애니메이션,홍성호,클로이 모레츠,7,2019,6,3,8,23,184,4,375312.9999999997
23,레드슈즈,2105731160.0,2105731160.0,264856,264856,717,(주)넥스트엔터테인먼트월드(NEW),전체관람가,코미디,홍성호,클로이 모레츠,7,2019,6,3,0,23,184,4,989906.9999999999
23,레드슈즈,2105731160.0,2105731160.0,264856,264856,717,(주)넥스트엔터테인먼트월드(NEW),전체관람가,판타지,홍성호,클로이 모레츠,7,2019,6,3,6,23,184,4,989906.9999999999
23,레드슈즈,2105731160.0,2105731160.0,264856,264856,717,(주)넥스트엔터테인먼트월드(NEW),전체관람가,어드벤처,홍성호,클로이 모레츠,7,2019,6,3,10,23,184,4,375312.9999999997
23,레드슈즈,2105731160.0,2105731160.0,264856,264856,717,(주)넥스트엔터테인먼트월드(NEW),전체관람가,멜로/로맨스,홍성호,클로이 모레츠,7,2019,6,3,11,23,184,4,375312.9999999997
23,레드슈즈,2105731160.0,2105731160.0,264856,264856,717,(주)넥스트엔터테인먼트월드(NEW),전체관람가,애니메이션,홍성호,샘 클라플린,7,2019,6,3,8,23,185,4,989906.9999999999
23,레드슈즈,2105731160.0,2105731160.0,264856,264856,717,(주)넥스트엔터테인먼트월드(NEW),전체관람가,코미디,홍성호,샘 클라플린,7,2019,6,3,0,23,185,4,989906.9999999999
23,레드슈즈,2105731160.0,2105731160.0,264856,264856,717,(주)넥스트엔터테인먼트월드(NEW),전체관람가,판타지,홍성호,샘 클라플린,7,2019,6,3,6,23,185,4,989906.9999999999
23,레드슈즈,2105731160.0,2105731160.0,264856,264856,717,(주)넥스트엔터테인먼트월드(NEW),전체관람가,어드벤처,홍성호,샘 클라플린,7,2019,6,3,10,23,185,4,989906.9999999999
23,레드슈즈,2105731160.0,2105731160.0,264856,264856,717,(주)넥스트엔터테인먼트월드(NEW),전체관람가,멜로/로맨스,홍성호,샘 클라플린,7,2019,6,3,11,23,185,4,375312.9999999997
23,레드슈즈,2105731160.0,2105731160.0,264856,264856,717,(주)넥스트엔터테인먼트월드(NEW),전체관람가,애니메이션,홍성호,지나 거손,7,2019,6,3,8,23,186,4,989906.9999999999
23,레드슈즈,2105731160.0,2105731160.0,264856,264856,717,(주)넥스트엔터테인먼트월드(NEW),전체관람가,코미디,홍성호,지나 거손,7,2019,6,3,0,23,186,4,989906.9999999999
23,레드슈즈,2105731160.0,2105731160.0,264856,264856,717,(주)넥스트엔터테인먼트월드(NEW),전체관람가,판타지,홍성호,지나 거손,7,2019,6,3,6,23,186,4,989906.9999999999
23,레드슈즈,2105731160.0,2105731160.0,264856,264856,717,(주)넥스트엔터테인먼트월드(NEW),전체관람가,어드벤처,홍성호,지나 거손,7,2019,6,3,10,23,186,4,989906.9999999999
23,레드슈즈,2105731160.0,2105731160.0,264856,264856,717,(주)넥스트엔터테인먼트월드(NEW),전체관람가,멜로/로맨스,홍성호,지나 거손,7,2019,6,3,11,23,186,4,989906.9999999999
23,레드슈즈,2105731160.0,2105731160.0,264856,264856,717,(주)넥스트엔터테인먼트월드(NEW),전체관람가,애니메이션,홍성호,패트릭 워버튼,7,2019,6,3,8,23,187,4,989906.9999999999
23,레드슈즈,2105731160.0,2105731160.0,264856,264856,717,(주)넥스트엔터테인먼트월드(NEW),전체관람가,코미디,홍성호,패트릭 워버튼,7,2019,6,3,0,23,187,4,989906.9999999999
23,레드슈즈,2105731160.0,2105731160.0,264856,264856,717,(주)넥스트엔터테인먼트월드(NEW),전체관람가,판타지,홍성호,패트릭 워버튼,7,2019,6,3,6,23,187,4,989906.9999999999
23,레드슈즈,2105731160.0,2105731160.0,264856,264856,717,(주)넥스트엔터테인먼트월드(NEW),전체관람가,어드벤처,홍성호,패트릭 워버튼,7,2019,6,3,10,23,187,4,989906.9999999999
23,레드슈즈,2105731160.0,2105731160.0,264856,264856,717,(주)넥스트엔터테인먼트월드(NEW),전체관람가,멜로/로맨스,홍성호,패트릭 워버튼,7,2019,6,3,11,23,187,4,989906.9999999999
23,레드슈즈,2105731160.0,2105731160.0,264856,264856,717,(주)넥스트엔터테인먼트월드(NEW),전체관람가,애니메이션,홍성호,짐 래쉬,7,2019,6,3,8,23,188,4,989906.9999999999
23,레드슈즈,2105731160.0,2105731160.0,264856,264856,717,(주)넥스트엔터테인먼트월드(NEW),전체관람가,코미디,홍성호,짐 래쉬,7,2019,6,3,0,23,188,4,989906.9999999999
23,레드슈즈,2105731160.0,2105731160.0,264856,264856,717,(주)넥스트엔터테인먼트월드(NEW),전체관람가,판타지,홍성호,짐 래쉬,7,2019,6,3,6,23,188,4,989906.9999999999
23,레드슈즈,2105731160.0,2105731160.0,264856,264856,717,(주)넥스트엔터테인먼트월드(NEW),전체관람가,어드벤처,홍성호,짐 래쉬,7,2019,6,3,10,23,188,4,989906.9999999999
23,레드슈즈,2105731160.0,2105731160.0,264856,264856,717,(주)넥스트엔터테인먼트월드(NEW),전체관람가,멜로/로맨스,홍성호,짐 래쉬,7,2019,6,3,11,23,188,4,989906.9999999999
23,레드슈즈,2105731160.0,2105731160.0,264856,264856,717,(주)넥스트엔터테인먼트월드(NEW),전체관람가,애니메이션,홍성호,아바 콜커,7,2019,6,3,8,23,189,4,989906.9999999999
23,레드슈즈,2105731160.0,2105731160.0,264856,264856,717,(주)넥스트엔터테인먼트월드(NEW),전체관람가,코미디,홍성호,아바 콜커,7,2019,6,3,0,23,189,4,989906.9999999999
23,레드슈즈,2105731160.0,2105731160.0,264856,264856,717,(주)넥스트엔터테인먼트월드(NEW),전체관람가,판타지,홍성호,아바 콜커,7,2019,6,3,6,23,189,4,989906.9999999999
23,레드슈즈,2105731160.0,2105731160.0,264856,264856,717,(주)넥스트엔터테인먼트월드(NEW),전체관람가,어드벤처,홍성호,아바 콜커,7,2019,6,3,10,23,189,4,989906.9999999999
23,레드슈즈,2105731160.0,2105731160.0,264856,264856,717,(주)넥스트엔터테인먼트월드(NEW),전체관람가,멜로/로맨스,홍성호,아바 콜커,7,2019,6,3,11,23,189,4,989906.9999999999
24,기묘한 가족,2119306275.0,2119306275.0,263322,263322,625,메가박스중앙(주)플러스엠,12세관람가,코미디,이민재,정재영,2,2019,7,2,0,24,190,2,989906.9999999999
24,기묘한 가족,2119306275.0,2119306275.0,263322,263322,625,메가박스중앙(주)플러스엠,12세관람가,가족,이민재,정재영,2,2019,7,2,9,24,190,2,989906.9999999999
24,기묘한 가족,2119306275.0,2119306275.0,263322,263322,625,메가박스중앙(주)플러스엠,12세관람가,코미디,이민재,김남길,2,2019,7,2,0,24,191,2,989906.9999999999
24,기묘한 가족,2119306275.0,2119306275.0,263322,263322,625,메가박스중앙(주)플러스엠,12세관람가,가족,이민재,김남길,2,2019,7,2,9,24,191,2,989906.9999999999
24,기묘한 가족,2119306275.0,2119306275.0,263322,263322,625,메가박스중앙(주)플러스엠,12세관람가,코미디,이민재,엄지원,2,2019,7,2,0,24,192,2,989906.9999999999
24,기묘한 가족,2119306275.0,2119306275.0,263322,263322,625,메가박스중앙(주)플러스엠,12세관람가,가족,이민재,엄지원,2,2019,7,2,9,24,192,2,989906.9999999999
24,기묘한 가족,2119306275.0,2119306275.0,263322,263322,625,메가박스중앙(주)플러스엠,12세관람가,코미디,이민재,이수경,2,2019,7,2,0,24,193,2,989906.9999999999
24,기묘한 가족,2119306275.0,2119306275.0,263322,263322,625,메가박스중앙(주)플러스엠,12세관람가,가족,이민재,이수경,2,2019,7,2,9,24,193,2,989906.9999999999
24,기묘한 가족,2119306275.0,2119306275.0,263322,263322,625,메가박스중앙(주)플러스엠,12세관람가,코미디,이민재,정가람,2,2019,7,2,0,24,194,2,989906.9999999999
24,기묘한 가족,2119306275.0,2119306275.0,263322,263322,625,메가박스중앙(주)플러스엠,12세관람가,가족,이민재,정가람,2,2019,7,2,9,24,194,2,989906.9999999999
24,기묘한 가족,2119306275.0,2119306275.0,263322,263322,625,메가박스중앙(주)플러스엠,12세관람가,코미디,이민재,박인환,2,2019,7,2,0,24,195,2,989906.9999999999
24,기묘한 가족,2119306275.0,2119306275.0,263322,263322,625,메가박스중앙(주)플러스엠,12세관람가,가족,이민재,박인환,2,2019,7,2,9,24,195,2,989906.9999999999
24,기묘한 가족,2119306275.0,2119306275.0,263322,263322,625,메가박스중앙(주)플러스엠,12세관람가,코미디,이민재,장세아,2,2019,7,2,0,24,183,2,989906.9999999999
24,기묘한 가족,2119306275.0,2119306275.0,263322,263322,625,메가박스중앙(주)플러스엠,12세관람가,가족,이민재,장세아,2,2019,7,2,9,24,183,2,989906.9999999999
24,기묘한 가족,2119306275.0,2119306275.0,263322,263322,625,메가박스중앙(주)플러스엠,12세관람가,코미디,이민재,김지안,2,2019,7,2,0,24,196,2,989906.9999999999
24,기묘한 가족,2119306275.0,2119306275.0,263322,263322,625,메가박스중앙(주)플러스엠,12세관람가,가족,이민재,김지안,2,2019,7,2,9,24,196,2,989906.9999999999
24,기묘한 가족,2119306275.0,2119306275.0,263322,263322,625,메가박스중앙(주)플러스엠,12세관람가,코미디,이민재,장지건,2,2019,7,2,0,24,103,2,308399.0000000001
24,기묘한 가족,2119306275.0,2119306275.0,263322,263322,625,메가박스중앙(주)플러스엠,12세관람가,가족,이민재,장지건,2,2019,7,2,9,24,103,2,308399.0000000001
25,악질경찰,2256615278.0,2256615278.0,262233,262233,833,워너브러더스 코리아(주),18세관람가,범죄,이정범,이선균,3,2019,11,1,2,25,6,3,4015361.999999997
25,악질경찰,2256615278.0,2256615278.0,262233,262233,833,워너브러더스 코리아(주),18세관람가,드라마,이정범,이선균,3,2019,11,1,1,25,6,3,4015361.999999997
25,악질경찰,2256615278.0,2256615278.0,262233,262233,833,워너브러더스 코리아(주),18세관람가,범죄,이정범,전소니,3,2019,11,1,2,25,197,3,1258812.0000000005
25,악질경찰,2256615278.0,2256615278.0,262233,262233,833,워너브러더스 코리아(주),18세관람가,드라마,이정범,전소니,3,2019,11,1,1,25,197,3,1258812.0000000005
25,악질경찰,2256615278.0,2256615278.0,262233,262233,833,워너브러더스 코리아(주),18세관람가,범죄,이정범,박해준,3,2019,11,1,2,25,198,3,1258812.0000000005
25,악질경찰,2256615278.0,2256615278.0,262233,262233,833,워너브러더스 코리아(주),18세관람가,드라마,이정범,박해준,3,2019,11,1,1,25,198,3,1258812.0000000005
25,악질경찰,2256615278.0,2256615278.0,262233,262233,833,워너브러더스 코리아(주),18세관람가,범죄,이정범,송영창,3,2019,11,1,2,25,199,3,1258812.0000000005
25,악질경찰,2256615278.0,2256615278.0,262233,262233,833,워너브러더스 코리아(주),18세관람가,드라마,이정범,송영창,3,2019,11,1,1,25,199,3,1258812.0000000005
25,악질경찰,2256615278.0,2256615278.0,262233,262233,833,워너브러더스 코리아(주),18세관람가,범죄,이정범,박병은,3,2019,11,1,2,25,200,3,1258812.0000000005
25,악질경찰,2256615278.0,2256615278.0,262233,262233,833,워너브러더스 코리아(주),18세관람가,드라마,이정범,박병은,3,2019,11,1,1,25,200,3,1258812.0000000005
25,악질경찰,2256615278.0,2256615278.0,262233,262233,833,워너브러더스 코리아(주),18세관람가,범죄,이정범,김민재,3,2019,11,1,2,25,201,3,1258812.0000000005
25,악질경찰,2256615278.0,2256615278.0,262233,262233,833,워너브러더스 코리아(주),18세관람가,드라마,이정범,김민재,3,2019,11,1,1,25,201,3,1258812.0000000005
25,악질경찰,2256615278.0,2256615278.0,262233,262233,833,워너브러더스 코리아(주),18세관람가,범죄,이정범,남문철,3,2019,11,1,2,25,107,3,308399.0000000001
25,악질경찰,2256615278.0,2256615278.0,262233,262233,833,워너브러더스 코리아(주),18세관람가,드라마,이정범,남문철,3,2019,11,1,1,25,107,3,308399.0000000001
25,악질경찰,2256615278.0,2256615278.0,262233,262233,833,워너브러더스 코리아(주),18세관람가,범죄,이정범,정가람,3,2019,11,1,2,25,194,3,989906.9999999999
25,악질경찰,2256615278.0,2256615278.0,262233,262233,833,워너브러더스 코리아(주),18세관람가,드라마,이정범,정가람,3,2019,11,1,1,25,194,3,1258812.0000000005
25,악질경찰,2256615278.0,2256615278.0,262233,262233,833,워너브러더스 코리아(주),18세관람가,범죄,이정범,이유영,3,2019,11,1,2,25,202,3,1258812.0000000005
25,악질경찰,2256615278.0,2256615278.0,262233,262233,833,워너브러더스 코리아(주),18세관람가,드라마,이정범,이유영,3,2019,11,1,1,25,202,3,1258812.0000000005
25,악질경찰,2256615278.0,2256615278.0,262233,262233,833,워너브러더스 코리아(주),18세관람가,범죄,이정범,권오상,3,2019,11,1,2,25,203,3,1472931.9999999998
25,악질경찰,2256615278.0,2256615278.0,262233,262233,833,워너브러더스 코리아(주),18세관람가,드라마,이정범,권오상,3,2019,11,1,1,25,203,3,1472931.9999999998
27,어린 의뢰인,1674934600.0,1674934600.0,203009,203009,671,롯데컬처웍스(주)롯데엔터테인먼트,12세관람가,드라마,장규성,이동휘,5,2019,4,2,1,27,3,4,4015361.999999997
27,어린 의뢰인,1674934600.0,1674934600.0,203009,203009,671,롯데컬처웍스(주)롯데엔터테인먼트,12세관람가,가족,장규성,이동휘,5,2019,4,2,9,27,3,4,790181.9999999994
27,어린 의뢰인,1674934600.0,1674934600.0,203009,203009,671,롯데컬처웍스(주)롯데엔터테인먼트,12세관람가,드라마,장규성,유선,5,2019,4,2,1,27,240,4,1258812.0000000005
27,어린 의뢰인,1674934600.0,1674934600.0,203009,203009,671,롯데컬처웍스(주)롯데엔터테인먼트,12세관람가,가족,장규성,유선,5,2019,4,2,9,27,240,4,1258812.0000000005
27,어린 의뢰인,1674934600.0,1674934600.0,203009,203009,671,롯데컬처웍스(주)롯데엔터테인먼트,12세관람가,드라마,장규성,최명빈,5,2019,4,2,1,27,241,4,4015361.999999997
27,어린 의뢰인,1674934600.0,1674934600.0,203009,203009,671,롯데컬처웍스(주)롯데엔터테인먼트,12세관람가,가족,장규성,최명빈,5,2019,4,2,9,27,241,4,4015361.999999997
27,어린 의뢰인,1674934600.0,1674934600.0,203009,203009,671,롯데컬처웍스(주)롯데엔터테인먼트,12세관람가,드라마,장규성,이주원,5,2019,4,2,1,27,242,4,4015361.999999997
27,어린 의뢰인,1674934600.0,1674934600.0,203009,203009,671,롯데컬처웍스(주)롯데엔터테인먼트,12세관람가,가족,장규성,이주원,5,2019,4,2,9,27,242,4,4015361.999999997
27,어린 의뢰인,1674934600.0,1674934600.0,203009,203009,671,롯데컬처웍스(주)롯데엔터테인먼트,12세관람가,드라마,장규성,고수희,5,2019,4,2,1,27,243,4,4015361.999999997
27,어린 의뢰인,1674934600.0,1674934600.0,203009,203009,671,롯데컬처웍스(주)롯데엔터테인먼트,12세관람가,가족,장규성,고수희,5,2019,4,2,9,27,243,4,4015361.999999997
27,어린 의뢰인,1674934600.0,1674934600.0,203009,203009,671,롯데컬처웍스(주)롯데엔터테인먼트,12세관람가,드라마,장규성,서정연,5,2019,4,2,1,27,164,4,603496.0000000001
27,어린 의뢰인,1674934600.0,1674934600.0,203009,203009,671,롯데컬처웍스(주)롯데엔터테인먼트,12세관람가,가족,장규성,서정연,5,2019,4,2,9,27,164,4,2202425.000000001
27,어린 의뢰인,1674934600.0,1674934600.0,203009,203009,671,롯데컬처웍스(주)롯데엔터테인먼트,12세관람가,드라마,장규성,원현준,5,2019,4,2,1,27,244,4,4015361.999999997
27,어린 의뢰인,1674934600.0,1674934600.0,203009,203009,671,롯데컬처웍스(주)롯데엔터테인먼트,12세관람가,가족,장규성,원현준,5,2019,4,2,9,27,244,4,4015361.999999997
27,어린 의뢰인,1674934600.0,1674934600.0,203009,203009,671,롯데컬처웍스(주)롯데엔터테인먼트,12세관람가,드라마,장규성,이나라,5,2019,4,2,1,27,245,4,4015361.999999997
27,어린 의뢰인,1674934600.0,1674934600.0,203009,203009,671,롯데컬처웍스(주)롯데엔터테인먼트,12세관람가,가족,장규성,이나라,5,2019,4,2,9,27,245,4,4015361.999999997
27,어린 의뢰인,1674934600.0,1674934600.0,203009,203009,671,롯데컬처웍스(주)롯데엔터테인먼트,12세관람가,드라마,장규성,정준원,5,2019,4,2,1,27,246,4,4015361.999999997
27,어린 의뢰인,1674934600.0,1674934600.0,203009,203009,671,롯데컬처웍스(주)롯데엔터테인먼트,12세관람가,가족,장규성,정준원,5,2019,4,2,9,27,246,4,989906.9999999999
27,어린 의뢰인,1674934600.0,1674934600.0,203009,203009,671,롯데컬처웍스(주)롯데엔터테인먼트,12세관람가,드라마,장규성,이현균,5,2019,4,2,1,27,247,4,4015361.999999997
27,어린 의뢰인,1674934600.0,1674934600.0,203009,203009,671,롯데컬처웍스(주)롯데엔터테인먼트,12세관람가,가족,장규성,이현균,5,2019,4,2,9,27,247,4,989906.9999999999
27,어린 의뢰인,1674934600.0,1674934600.0,203009,203009,671,롯데컬처웍스(주)롯데엔터테인먼트,12세관람가,드라마,장규성,이지훈,5,2019,4,2,1,27,248,4,989906.9999999999
27,어린 의뢰인,1674934600.0,1674934600.0,203009,203009,671,롯데컬처웍스(주)롯데엔터테인먼트,12세관람가,가족,장규성,이지훈,5,2019,4,2,9,27,248,4,989906.9999999999
27,어린 의뢰인,1674934600.0,1674934600.0,203009,203009,671,롯데컬처웍스(주)롯데엔터테인먼트,12세관람가,드라마,장규성,이로운,5,2019,4,2,1,27,249,4,989906.9999999999
27,어린 의뢰인,1674934600.0,1674934600.0,203009,203009,671,롯데컬처웍스(주)롯데엔터테인먼트,12세관람가,가족,장규성,이로운,5,2019,4,2,9,27,249,4,989906.9999999999
27,어린 의뢰인,1674934600.0,1674934600.0,203009,203009,671,롯데컬처웍스(주)롯데엔터테인먼트,12세관람가,드라마,장규성,이봄,5,2019,4,2,1,27,250,4,989906.9999999999
27,어린 의뢰인,1674934600.0,1674934600.0,203009,203009,671,롯데컬처웍스(주)롯데엔터테인먼트,12세관람가,가족,장규성,이봄,5,2019,4,2,9,27,250,4,989906.9999999999
27,어린 의뢰인,1674934600.0,1674934600.0,203009,203009,671,롯데컬처웍스(주)롯데엔터테인먼트,12세관람가,드라마,장규성,정희태,5,2019,4,2,1,27,251,4,989906.9999999999
27,어린 의뢰인,1674934600.0,1674934600.0,203009,203009,671,롯데컬처웍스(주)롯데엔터테인먼트,12세관람가,가족,장규성,정희태,5,2019,4,2,9,27,251,4,989906.9999999999
27,어린 의뢰인,1674934600.0,1674934600.0,203009,203009,671,롯데컬처웍스(주)롯데엔터테인먼트,12세관람가,드라마,장규성,양희원,5,2019,4,2,1,27,252,4,989906.9999999999
27,어린 의뢰인,1674934600.0,1674934600.0,203009,203009,671,롯데컬처웍스(주)롯데엔터테인먼트,12세관람가,가족,장규성,양희원,5,2019,4,2,9,27,252,4,989906.9999999999
28,비스트,1596148590.0,1596148590.0,202007,202007,737,(주)넥스트엔터테인먼트월드(NEW),15세관람가,범죄,이정호,이성민,6,2019,6,0,2,28,253,4,989906.9999999999
28,비스트,1596148590.0,1596148590.0,202007,202007,737,(주)넥스트엔터테인먼트월드(NEW),15세관람가,스릴러,이정호,이성민,6,2019,6,0,5,28,253,4,989906.9999999999
28,비스트,1596148590.0,1596148590.0,202007,202007,737,(주)넥스트엔터테인먼트월드(NEW),15세관람가,범죄,이정호,유재명,6,2019,6,0,2,28,254,4,989906.9999999999
28,비스트,1596148590.0,1596148590.0,202007,202007,737,(주)넥스트엔터테인먼트월드(NEW),15세관람가,스릴러,이정호,유재명,6,2019,6,0,5,28,254,4,989906.9999999999
28,비스트,1596148590.0,1596148590.0,202007,202007,737,(주)넥스트엔터테인먼트월드(NEW),15세관람가,범죄,이정호,전혜진,6,2019,6,0,2,28,68,4,4015361.999999997
28,비스트,1596148590.0,1596148590.0,202007,202007,737,(주)넥스트엔터테인먼트월드(NEW),15세관람가,스릴러,이정호,전혜진,6,2019,6,0,5,28,68,4,4015361.999999997
28,비스트,1596148590.0,1596148590.0,202007,202007,737,(주)넥스트엔터테인먼트월드(NEW),15세관람가,범죄,이정호,최다니엘,6,2019,6,0,2,28,255,4,989906.9999999999
28,비스트,1596148590.0,1596148590.0,202007,202007,737,(주)넥스트엔터테인먼트월드(NEW),15세관람가,스릴러,이정호,최다니엘,6,2019,6,0,5,28,255,4,989906.9999999999
29,언니,1746373250.0,1757528250.0,197134,198377,530,(주)제이앤씨미디어그룹,18세관람가,액션,임경택,이시영,1,2019,12,1,3,29,256,1,989906.9999999999
29,언니,1746373250.0,1757528250.0,197134,198377,530,TCO(주)더콘텐츠온,18세관람가,액션,임경택,이시영,1,2019,13,1,3,29,256,1,989906.9999999999
29,언니,1746373250.0,1757528250.0,197134,198377,530,(주)제이앤씨미디어그룹,18세관람가,액션,임경택,박세완,1,2019,12,1,3,29,257,1,989906.9999999999
29,언니,1746373250.0,1757528250.0,197134,198377,530,TCO(주)더콘텐츠온,18세관람가,액션,임경택,박세완,1,2019,13,1,3,29,257,1,989906.9999999999
29,언니,1746373250.0,1757528250.0,197134,198377,530,(주)제이앤씨미디어그룹,18세관람가,액션,임경택,이준혁,1,2019,12,1,3,29,42,1,4015361.999999997
29,언니,1746373250.0,1757528250.0,197134,198377,530,TCO(주)더콘텐츠온,18세관람가,액션,임경택,이준혁,1,2019,13,1,3,29,42,1,4015361.999999997
29,언니,1746373250.0,1757528250.0,197134,198377,530,(주)제이앤씨미디어그룹,18세관람가,액션,임경택,최진호,1,2019,12,1,3,29,258,1,989906.9999999999
29,언니,1746373250.0,1757528250.0,197134,198377,530,TCO(주)더콘텐츠온,18세관람가,액션,임경택,최진호,1,2019,13,1,3,29,258,1,989906.9999999999
30,언더독,1486672830.0,1489802830.0,193642,194024,612,(주)넥스트엔터테인먼트월드(NEW),전체관람가,애니메이션,오성윤,도경수,1,2019,6,3,8,30,204,3,989906.9999999999
30,언더독,1486672830.0,1489802830.0,193642,194024,612,(주)넥스트엔터테인먼트월드(NEW),전체관람가,애니메이션,이춘백,도경수,1,2019,6,3,8,31,204,3,989906.9999999999
30,언더독,1486672830.0,1489802830.0,193642,194024,612,(주)넥스트엔터테인먼트월드(NEW),전체관람가,애니메이션,오성윤,박소담,1,2019,6,3,8,30,9,3,790181.9999999994
30,언더독,1486672830.0,1489802830.0,193642,194024,612,(주)넥스트엔터테인먼트월드(NEW),전체관람가,애니메이션,이춘백,박소담,1,2019,6,3,8,31,9,3,790181.9999999994
30,언더독,1486672830.0,1489802830.0,193642,194024,612,(주)넥스트엔터테인먼트월드(NEW),전체관람가,애니메이션,오성윤,박철민,1,2019,6,3,8,30,87,3,2202155.000000002
30,언더독,1486672830.0,1489802830.0,193642,194024,612,(주)넥스트엔터테인먼트월드(NEW),전체관람가,애니메이션,이춘백,박철민,1,2019,6,3,8,31,87,3,2202155.000000002
30,언더독,1486672830.0,1489802830.0,193642,194024,612,(주)넥스트엔터테인먼트월드(NEW),전체관람가,애니메이션,오성윤,강석,1,2019,6,3,8,30,259,3,989906.9999999999
30,언더독,1486672830.0,1489802830.0,193642,194024,612,(주)넥스트엔터테인먼트월드(NEW),전체관람가,애니메이션,이춘백,강석,1,2019,6,3,8,31,259,3,989906.9999999999
30,언더독,1486672830.0,1489802830.0,193642,194024,612,(주)넥스트엔터테인먼트월드(NEW),전체관람가,애니메이션,오성윤,이준혁,1,2019,6,3,8,30,42,3,4015361.999999997
30,언더독,1486672830.0,1489802830.0,193642,194024,612,(주)넥스트엔터테인먼트월드(NEW),전체관람가,애니메이션,이춘백,이준혁,1,2019,6,3,8,31,42,3,4015361.999999997
30,언더독,1486672830.0,1489802830.0,193642,194024,612,(주)넥스트엔터테인먼트월드(NEW),전체관람가,애니메이션,오성윤,연지원,1,2019,6,3,8,30,260,3,989906.9999999999
30,언더독,1486672830.0,1489802830.0,193642,194024,612,(주)넥스트엔터테인먼트월드(NEW),전체관람가,애니메이션,이춘백,연지원,1,2019,6,3,8,31,260,3,989906.9999999999
30,언더독,1486672830.0,1489802830.0,193642,194024,612,(주)넥스트엔터테인먼트월드(NEW),전체관람가,애니메이션,오성윤,전숙경,1,2019,6,3,8,30,261,3,375312.9999999997
30,언더독,1486672830.0,1489802830.0,193642,194024,612,(주)넥스트엔터테인먼트월드(NEW),전체관람가,애니메이션,이춘백,전숙경,1,2019,6,3,8,31,261,3,375312.9999999997
30,언더독,1486672830.0,1489802830.0,193642,194024,612,(주)넥스트엔터테인먼트월드(NEW),전체관람가,애니메이션,오성윤,박중금,1,2019,6,3,8,30,262,3,375312.9999999997
30,언더독,1486672830.0,1489802830.0,193642,194024,612,(주)넥스트엔터테인먼트월드(NEW),전체관람가,애니메이션,이춘백,박중금,1,2019,6,3,8,31,262,3,375312.9999999997
31,우상,1581839728.0,1581839728.0,183784,183784,900,CGV아트하우스,15세관람가,스릴러,이수진,한석규,3,2019,9,0,5,32,263,3,375312.9999999997
31,우상,1581839728.0,1581839728.0,183784,183784,900,CGV아트하우스,15세관람가,스릴러,이수진,설경구,3,2019,9,0,5,32,90,3,2202155.000000002
31,우상,1581839728.0,1581839728.0,183784,183784,900,CGV아트하우스,15세관람가,스릴러,이수진,천우희,3,2019,9,0,5,32,264,3,375312.9999999997
33,자전차왕 엄복동,1304861670.0,1304861670.0,172212,172212,624,(주)셀트리온엔터테인먼트,12세관람가,드라마,김유성,정지훈,2,2019,14,2,1,34,274,4,550145.9999999999
33,자전차왕 엄복동,1304861670.0,1304861670.0,172212,172212,624,(주)셀트리온엔터테인먼트,12세관람가,드라마,김유성,강소라,2,2019,14,2,1,34,275,4,550145.9999999999
33,자전차왕 엄복동,1304861670.0,1304861670.0,172212,172212,624,(주)셀트리온엔터테인먼트,12세관람가,드라마,김유성,이범수,2,2019,14,2,1,34,276,4,550145.9999999999
33,자전차왕 엄복동,1304861670.0,1304861670.0,172212,172212,624,(주)셀트리온엔터테인먼트,12세관람가,드라마,김유성,민효린,2,2019,14,2,1,34,277,4,550145.9999999999
33,자전차왕 엄복동,1304861670.0,1304861670.0,172212,172212,624,(주)셀트리온엔터테인먼트,12세관람가,드라마,김유성,김희원,2,2019,14,2,1,34,158,4,723011.0000000002
33,자전차왕 엄복동,1304861670.0,1304861670.0,172212,172212,624,(주)셀트리온엔터테인먼트,12세관람가,드라마,김유성,고창석,2,2019,14,2,1,34,278,4,550145.9999999999
33,자전차왕 엄복동,1304861670.0,1304861670.0,172212,172212,624,(주)셀트리온엔터테인먼트,12세관람가,드라마,김유성,이시언,2,2019,14,2,1,34,279,4,550145.9999999999
33,자전차왕 엄복동,1304861670.0,1304861670.0,172212,172212,624,(주)셀트리온엔터테인먼트,12세관람가,드라마,김유성,오민애,2,2019,14,2,1,34,280,4,550145.9999999999
34,진범,1422363900.0,1422363900.0,167184,167184,224,(주)리틀빅픽쳐스,15세관람가,스릴러,고정욱,송새벽,7,2019,15,0,5,35,281,2,550145.9999999999
34,진범,1422363900.0,1422363900.0,167184,167184,224,(주)리틀빅픽쳐스,15세관람가,스릴러,고정욱,유선,7,2019,15,0,5,35,240,2,758196.0
34,진범,1422363900.0,1422363900.0,167184,167184,224,(주)리틀빅픽쳐스,15세관람가,스릴러,고정욱,장혁진,7,2019,15,0,5,35,282,2,550145.9999999999
34,진범,1422363900.0,1422363900.0,167184,167184,224,(주)리틀빅픽쳐스,15세관람가,스릴러,고정욱,오민석,7,2019,15,0,5,35,283,2,857039.0000000003
35,0.0MHz,1088258860.0,1088258860.0,137294,137294,446,(주)스마일이엔티,15세관람가,공포(호러),유선동,정은지,5,2019,16,0,12,36,284,5,857039.0000000003
35,0.0MHz,1088258860.0,1088258860.0,137294,137294,446,(주)스마일이엔티,15세관람가,공포(호러),유선동,이성열,5,2019,16,0,12,36,285,5,857039.0000000003
35,0.0MHz,1088258860.0,1088258860.0,137294,137294,446,(주)스마일이엔티,15세관람가,공포(호러),유선동,최윤영,5,2019,16,0,12,36,286,5,857039.0000000003
35,0.0MHz,1088258860.0,1088258860.0,137294,137294,446,(주)스마일이엔티,15세관람가,공포(호러),유선동,신주환,5,2019,16,0,12,36,287,5,857039.0000000003
35,0.0MHz,1088258860.0,1088258860.0,137294,137294,446,(주)스마일이엔티,15세관람가,공포(호러),유선동,정원창,5,2019,16,0,12,36,288,5,857039.0000000003
35,0.0MHz,1088258860.0,1088258860.0,137294,137294,446,(주)스마일이엔티,15세관람가,공포(호러),유선동,박명신,5,2019,16,0,12,36,19,5,758196.0
36,크게 될 놈,781972420.0,781972420.0,102374,102374,447,(주)영화사오원,15세관람가,드라마,강지은,김해숙,4,2019,17,0,1,37,289,3,857039.0000000003
36,크게 될 놈,781972420.0,781972420.0,102374,102374,447,(주)영화사오원,15세관람가,드라마,강지은,손호준,4,2019,17,0,1,37,290,3,857039.0000000003
36,크게 될 놈,781972420.0,781972420.0,102374,102374,447,(주)영화사오원,15세관람가,드라마,강지은,남보라,4,2019,17,0,1,37,291,3,857039.0000000003
36,크게 될 놈,781972420.0,781972420.0,102374,102374,447,(주)영화사오원,15세관람가,드라마,강지은,박원상,4,2019,17,0,1,37,292,3,857039.0000000003
37,그대 이름은 장미,735782970.0,748806970.0,88054,89238,540,(주)리틀빅픽쳐스,12세관람가,코미디,조석현,유호정,1,2019,15,2,0,38,293,3,857039.0000000003
37,그대 이름은 장미,735782970.0,748806970.0,88054,89238,540,(주)리틀빅픽쳐스,12세관람가,코미디,조석현,박성웅,1,2019,15,2,0,38,53,3,758196.0
37,그대 이름은 장미,735782970.0,748806970.0,88054,89238,540,(주)리틀빅픽쳐스,12세관람가,코미디,조석현,오정세,1,2019,15,2,0,38,207,3,12276116.000000011
37,그대 이름은 장미,735782970.0,748806970.0,88054,89238,540,(주)리틀빅픽쳐스,12세관람가,코미디,조석현,채수빈,1,2019,15,2,0,38,294,3,857039.0000000003
37,그대 이름은 장미,735782970.0,748806970.0,88054,89238,540,(주)리틀빅픽쳐스,12세관람가,코미디,조석현,하연수,1,2019,15,2,0,38,295,3,857039.0000000003
37,그대 이름은 장미,735782970.0,748806970.0,88054,89238,540,(주)리틀빅픽쳐스,12세관람가,코미디,조석현,이원근,1,2019,15,2,0,38,296,3,857039.0000000003
37,그대 이름은 장미,735782970.0,748806970.0,88054,89238,540,(주)리틀빅픽쳐스,12세관람가,코미디,조석현,최우식,1,2019,15,2,0,38,8,3,722183.0000000006
38,왓칭,463512262.0,463512262.0,55366,55366,488,(주)리틀빅픽쳐스,15세관람가,공포(호러),김성기,강예원,4,2019,15,0,12,39,297,3,857039.0000000003
38,왓칭,463512262.0,463512262.0,55366,55366,488,(주)리틀빅픽쳐스,15세관람가,스릴러,김성기,강예원,4,2019,15,0,5,39,297,3,857039.0000000003
38,왓칭,463512262.0,463512262.0,55366,55366,488,(주)리틀빅픽쳐스,15세관람가,공포(호러),김성기,이학주,4,2019,15,0,12,39,71,3,1561258.9999999998
38,왓칭,463512262.0,463512262.0,55366,55366,488,(주)리틀빅픽쳐스,15세관람가,스릴러,김성기,이학주,4,2019,15,0,5,39,71,3,1561258.9999999998
38,왓칭,463512262.0,463512262.0,55366,55366,488,(주)리틀빅픽쳐스,15세관람가,공포(호러),김성기,주석태,4,2019,15,0,12,39,298,3,857039.0000000003
38,왓칭,463512262.0,463512262.0,55366,55366,488,(주)리틀빅픽쳐스,15세관람가,스릴러,김성기,주석태,4,2019,15,0,5,39,298,3,857039.0000000003
38,왓칭,463512262.0,463512262.0,55366,55366,488,(주)리틀빅픽쳐스,15세관람가,공포(호러),김성기,임지현,4,2019,15,0,12,39,299,3,857039.0000000003
38,왓칭,463512262.0,463512262.0,55366,55366,488,(주)리틀빅픽쳐스,15세관람가,스릴러,김성기,임지현,4,2019,15,0,5,39,299,3,3849552.999999997
116,말모이,304507000.0,304507000.0,53576,53576,108,롯데컬처웍스(주)롯데엔터테인먼트,12세관람가,드라마,엄유나,유해진,1,2019,4,2,1,4,25,2,1069865.0000000005
116,말모이,304507000.0,304507000.0,53576,53576,108,롯데컬처웍스(주)롯데엔터테인먼트,12세관람가,드라마,엄유나,윤계상,1,2019,4,2,1,4,26,2,1069865.0000000005
116,말모이,304507000.0,304507000.0,53576,53576,108,롯데컬처웍스(주)롯데엔터테인먼트,12세관람가,드라마,엄유나,김홍파,1,2019,4,2,1,4,27,2,1069865.0000000005
116,말모이,304507000.0,304507000.0,53576,53576,108,롯데컬처웍스(주)롯데엔터테인먼트,12세관람가,드라마,엄유나,우현,1,2019,4,2,1,4,28,2,1069865.0000000005
116,말모이,304507000.0,304507000.0,53576,53576,108,롯데컬처웍스(주)롯데엔터테인먼트,12세관람가,드라마,엄유나,김태훈,1,2019,4,2,1,4,29,2,1069865.0000000005
116,말모이,304507000.0,304507000.0,53576,53576,108,롯데컬처웍스(주)롯데엔터테인먼트,12세관람가,드라마,엄유나,김선영,1,2019,4,2,1,4,30,2,1069865.0000000005
116,말모이,304507000.0,304507000.0,53576,53576,108,롯데컬처웍스(주)롯데엔터테인먼트,12세관람가,드라마,엄유나,민진웅,1,2019,4,2,1,4,31,2,1069865.0000000005
116,말모이,304507000.0,304507000.0,53576,53576,108,롯데컬처웍스(주)롯데엔터테인먼트,12세관람가,드라마,엄유나,이성욱,1,2019,4,2,1,4,32,2,1069865.0000000005
